metric,gain,ci_low,ci_high,share_of_resamples_positive,pairs,comparison
auc,0.00015352045717753615,-0.0004221719898619025,0.000708005852870888,0.806,all pairs,P3 minus P2
approved_at_1pct_unsafe,0.0033187151831218786,-0.026358474605285762,0.026926245071276937,0.65,all pairs,P3 minus P2
approved_at_2pct_unsafe,0.012208130852198629,-0.01272791453973415,0.024889195950294436,0.734,all pairs,P3 minus P2
approved_at_5pct_unsafe,-0.0008296787957805529,-0.0047158855976588395,0.011937938602554562,0.432,all pairs,P3 minus P2
auc,0.01938943795860293,0.013753676070183518,0.024975605898658274,1.0,all pairs,P3 minus P1
approved_at_1pct_unsafe,0.38343012919284103,0.23598622147778983,0.5881934221991012,1.0,all pairs,P3 minus P1
approved_at_2pct_unsafe,0.2945359725020742,0.1417067374100134,0.42408535923183666,1.0,all pairs,P3 minus P1
approved_at_5pct_unsafe,0.11864406779661008,0.0640425524046214,0.16693966363457885,1.0,all pairs,P3 minus P1
auc,0.007355758404868684,0.0008507703560546949,0.01647980043215163,0.986,borderline pairs,P3 minus P2
approved_at_1pct_unsafe,-0.010469054705942733,-0.03174918545027899,0.09846133939588073,0.344,borderline pairs,P3 minus P2
approved_at_2pct_unsafe,0.0018474802422251968,-0.03296076932399206,0.12062212446904756,0.562,borderline pairs,P3 minus P2
approved_at_5pct_unsafe,0.035410037975982744,-0.019901217472650216,0.12206963687759928,0.8,borderline pairs,P3 minus P2
auc,0.1220883981661045,0.07088304285403635,0.17836269113232017,1.0,borderline pairs,P3 minus P1
approved_at_1pct_unsafe,0.04084984091142359,0.011067207426206219,0.5584276145978437,0.998,borderline pairs,P3 minus P1
approved_at_2pct_unsafe,0.05562968284922509,0.01697924315465739,0.6177270599764608,0.996,borderline pairs,P3 minus P1
approved_at_5pct_unsafe,0.09493995689212767,-0.00010096108272266129,0.684941751458236,0.974,borderline pairs,P3 minus P1
auc,0.0003672725024914669,-0.0005060588726663067,0.001319742431395246,0.786,pre-flight states,P3 minus P2
approved_at_1pct_unsafe,0.025389161741446786,-0.0075714239755087865,0.06007064759332495,0.852,pre-flight states,P3 minus P2
approved_at_2pct_unsafe,0.007824856405560632,-0.011696213463958579,0.03574973220050105,0.724,pre-flight states,P3 minus P2
approved_at_5pct_unsafe,-0.004495130275534831,-0.01153657001521199,0.017590804044851253,0.354,pre-flight states,P3 minus P2
auc,0.002821543719941033,0.0009284034595349434,0.0063454132431145435,0.996,pre-flight states,P3 minus P1
approved_at_1pct_unsafe,0.020561058852909375,-0.012979149717801439,0.06409975014718634,0.894,pre-flight states,P3 minus P1
approved_at_2pct_unsafe,0.0063264796470490214,-0.013363323765948948,0.06662766238277631,0.874,pre-flight states,P3 minus P1
approved_at_5pct_unsafe,0.026388079580454527,-0.01493364994471231,0.06420553066403692,0.848,pre-flight states,P3 minus P1
