policy,auc,auc_ci_low,auc_ci_high,approved_at_1pct_unsafe,approved_at_1pct_unsafe_ci_low,approved_at_1pct_unsafe_ci_high,approved_at_2pct_unsafe,approved_at_2pct_unsafe_ci_low,approved_at_2pct_unsafe_ci_high,approved_at_5pct_unsafe,approved_at_5pct_unsafe_ci_low,approved_at_5pct_unsafe_ci_high,pairs,n,feasible_share
P1 minutes left (brief),0.9745954958387366,0.967952524112236,0.9820910112570402,0.42313618584805024,0.3443451078545247,0.5557235831205111,0.606613725257793,0.5133132169198015,0.7715508241626297,0.8614436411046581,0.7915279522613066,0.926226572339391,all pairs,20000,0.42185
"P2 energy, point estimates",0.993831413340162,0.9887040864983201,0.9989976465645168,0.8032475998577694,0.7425386969337192,0.9736991034689753,0.8889415669076686,0.8068246978462809,0.9848699720860119,0.9809173876970487,0.9106145735851678,0.9978113437993646,all pairs,20000,0.42185
P3 EnduroSense P(success),0.9939849337973395,0.9891362180557414,0.9991175636387953,0.8065663150408913,0.7277324820565441,0.9732917100605446,0.9011496977598672,0.8062624669398323,0.9867308730437617,0.9800877089012682,0.9202778649458944,0.9978234110507805,all pairs,20000,0.42185
P4 oracle,1.0,0.9999999999999999,1.0,1.0,1.0,1.0,1.0,1.0,1.0,1.0,1.0,1.0,all pairs,20000,0.42185
P1 minutes left (brief),0.7414881354986156,0.7028685809171022,0.7949854795086998,0.020117007082007594,0.010616920269263452,0.05087692895951994,0.04536590372575182,0.01784510583977415,0.0737923261248916,0.10386944472954943,0.053730612123496065,0.2261967590613056,borderline pairs,20000,0.48715
"P2 energy, point estimates",0.8562207752598514,0.7849358601753411,0.9565469897355331,0.07143590269937392,0.048708080896760736,0.5524467304614242,0.09914810633275171,0.062260766367102066,0.6558501441832223,0.16339936364569435,0.13096865801696003,0.7830959297814091,borderline pairs,20000,0.48715
P3 EnduroSense P(success),0.8635765336647201,0.7932056461321951,0.9602660979603481,0.06096684799343118,0.047805193814797364,0.5782288617813406,0.10099558657497691,0.06876916403235549,0.6571582305932216,0.1988094016216771,0.14718718723669827,0.776405194411697,borderline pairs,20000,0.48715
P4 oracle,1.0000000000000002,0.9999999999999999,1.0,1.0,1.0,1.0,1.0,1.0,1.0,1.0,1.0,1.0,borderline pairs,20000,0.48715
P1 minutes left (brief),0.991719427195806,0.9866331382812927,0.9967172381373146,0.8663947390327146,0.8239086867882076,0.9275060544570551,0.8995255140264713,0.8543394820733653,0.9565284825685897,0.9416465495712978,0.9033664683875887,0.9832251938622245,pre-flight states,20000,0.60065
"P2 energy, point estimates",0.9941736984132555,0.9887711975763929,0.9987653970680609,0.8615666361441772,0.7996666052990556,0.9704268957821646,0.8980271372679597,0.8612621602281574,0.9836223638089976,0.9725297594272871,0.9022106234742944,0.9992651704265856,pre-flight states,20000,0.60065
P3 EnduroSense P(success),0.994540970915747,0.9897731629609618,0.9985964025784668,0.886955797885624,0.8465909445956755,0.9682528913813435,0.9058519936735203,0.8772979585068239,0.9802812552204255,0.9680346291517523,0.9102013945490351,0.9980242251116832,pre-flight states,20000,0.60065
P4 oracle,1.0,0.9999999999999999,1.0,1.0,1.0,1.0,1.0,1.0,1.0,1.0,1.0,1.0,pre-flight states,20000,0.60065
