flight,speed,payload,altitude,date,local_time,route,ambient_wind,duration_s,median_dt_s,v_start,v_end,v_min,i_mean_air,i_max,energy_wh,pct_pack,airspeed_mean,ground_speed_max,alt_max_rel,battery_chain
1,4.0,0.0,25,2019-04-07,10:13,R5,2.835064928298701,200.7,0.15000000000000213,24.221547126,23.063024140000003,21.22851944,21.575063029762887,33.5087738,21.769975436444508,21.791767203648153,4.612089970898782,6.251279517251461,26.257755299999985,1
2,4.0,0.0,50,2019-04-07,10:23,R5,2.54186046539351,271.2,0.11000000000001364,23.180717086791994,22.41308536529541,20.125463485717773,22.60122729823333,40.75284194946289,25.366626584508513,25.392018603111623,4.5281758952995075,6.491793435245647,52.63798773288727,1
3,6.0,0.0,25,2019-04-07,10:33,R5,2.4957746418429094,180.1,0.11000000000001364,25.40298194885254,24.15881938934326,19.94391632080078,21.116569467212845,36.78490447998047,17.094392011577387,17.11150351509248,6.084420293425592,7.185689228387819,24.660461902618408,2
4,8.0,0.0,25,2019-04-07,10:48,R5,3.159223297267284,171.0,0.12000000000000227,24.131900024414062,23.172578811645508,20.365856170654297,21.130987987931828,37.50056457519531,14.690038389911791,14.704743133044836,6.275474263562097,9.364824566491462,25.580572485923767,2
5,4.0,0.0,25,2019-04-07,11:05,R2,2.3635658857434296,217.0,0.1100000000000021,23.45704460144043,23.572233581542967,18.92349433898925,21.619941783027528,34.8128662109375,19.019928166168892,19.038967133302194,4.5922257773284585,4.8998946842140905,24.323036193847713,2
6,4.0,0.0,25,2019-04-07,11:18,R3,3.1854430361639094,204.49,0.12000000000000455,22.63281955718994,22.57134418487549,19.563291549682614,21.70086247789059,36.657676696777344,20.110189887529035,20.130320207736773,4.783003956668462,4.687518372638693,23.956852674484253,3
7,4.0,0.0,25,2019-05-06,15:43,R4,3.0181818198073995,179.61,0.18999999999999773,24.406099319458008,23.021206092834472,19.90009307861328,22.570855981619783,39.1624870300293,21.51325728857705,21.53479208065771,5.262693798703741,4.847272861806174,24.334457397460938,4
8,4.0,0.0,25,2019-05-06,15:56,R1,2.0523809544623846,233.5,0.12000000000000455,23.350119590759277,22.467173576354984,19.997753143310547,23.907247283415707,36.53044891357422,21.93369002325064,21.955645668919562,4.026553100120568,5.040573267820832,23.386010736227036,5
10,6.0,0.0,25,2019-05-06,16:08,R1,3.394230760060824,138.09,0.12000000000000455,25.743664932250976,24.424880027770996,22.23641967773437,20.60043234668991,35.71141815185547,16.528654953786027,16.545200153939966,5.61486146251861,6.538501701767946,26.224403321743125,6
12,10.0,0.0,25,2019-05-06,16:19,R1,4.391034490486671,116.21,0.18999999999999773,24.121632957458495,23.23643379211426,20.85791206359864,21.468731967882178,40.79259872436523,13.01160705414319,13.024631685829018,7.296387529529766,10.486160705181698,25.958213686943054,7
14,12.0,250.0,25,2019-05-06,16:37,R1,3.122399993419647,106.11,0.18999999999999773,22.925924873352052,22.208499717712403,19.89884185791016,26.392119915607324,41.22994613647461,14.199480183135243,14.213693877012254,7.4047619054977645,12.198726694668002,24.094528615474758,8
15,10.0,250.0,25,2019-05-06,16:42,R1,2.307575748725371,113.2,0.12999999999999545,24.993060684204096,23.50224361419678,19.8775577545166,24.194571456098867,39.93380737304688,14.239124632310583,14.253378010320905,6.565032678297142,10.500222245204293,25.387850701808986,9
16,8.0,250.0,25,2019-05-06,16:47,R1,2.4458904135717106,125.8,0.11000000000000298,24.076434326171874,22.802848243713377,20.260684967041016,23.669087234259006,38.34345245361328,15.231555686626718,15.246802489115833,6.175482914848101,8.733176514727948,24.970925003290176,10
17,6.0,250.0,25,2019-05-06,16:53,R1,3.812925150605286,139.09,0.18999999999999773,23.18221969604492,22.255827140808105,19.935152053833008,24.02879199617228,38.90007781982422,17.53797304889868,17.555528577476156,5.745605093810209,6.938253619815921,25.339757263660488,11
18,4.0,250.0,25,2019-05-06,17:06,R1,4.307751894921296,170.2,0.11000000000001364,25.484115219116212,23.90102195739746,22.05362129211425,23.093483368003263,37.055267333984375,23.29621604287279,23.319535578451237,5.489572987774278,4.633807500442492,25.071579873561802,12
20,8.0,250.0,50,2019-05-06,17:18,R1,2.1988326825984257,140.09,0.1700000000000017,23.156803321838378,22.244433784484862,20.38839340209961,24.814974268530584,40.49043273925781,18.847806522410565,18.86667319560617,5.524713363313372,8.73806509747441,48.836716011166516,13
23,12.0,250.0,50,2019-05-06,17:37,R1,3.3630350137035205,127.0,0.11000000000000121,23.421987342834473,22.28525047302246,20.456005096435547,24.913731016334914,39.87019348144531,16.924245689048536,16.941186875924462,6.4252482213027085,12.311738985299563,49.97702634334564,14
59,10.0,250.0,50,2019-06-05,15:27,R1,4.21556420270571,141.1,0.14999999999999858,23.604411315917968,22.95609931945801,20.89297103881836,25.03560614846443,41.19813919067383,17.6057158935616,17.623339232794393,7.037158465776288,10.338619257844725,51.73451879620552,15
60,12.0,250.0,75,2019-06-05,15:38,R1,2.9845360797090628,150.41,0.18500000000000227,20.860416984558107,22.23729705810547,19.902597427368164,25.61809312397579,41.25380325317383,19.222151869300365,19.241393262562926,5.803537742146906,12.110196126957067,78.84858709573751,16
68,12.0,250.0,100,2019-06-05,16:54,R1,3.2260606033633454,171.49,0.12000000000000455,20.992007446289062,22.56533432006836,20.03656768798828,26.69602761061295,40.283687591552734,22.74201781707524,22.764782599674913,5.5197242876378505,12.4106722633004,100.99274590611458,17
76,4.0,750.0,25,2019-06-11,9:36,R1,4.0392857151372095,243.3,0.1700000000000017,23.658499908447265,22.50022792816162,19.542007446289062,28.417577832546293,41.65934371948242,25.841372371759316,25.867239611370685,5.30635721568022,4.575103130629917,25.29775190353388,18
77,12.0,0.0,25,2019-06-11,9:52,R1,4.347482027767374,136.3,0.12000000000000455,25.73189582824707,24.885258865356445,21.269838333129886,22.068200892693287,38.66947555541992,13.358535096556759,13.371907003560318,7.624324338258924,12.134116675950189,25.885802656412125,19
78,6.0,0.0,50,2019-06-11,9:57,R1,5.229999990122659,188.5,0.10999999999999943,24.976533126831054,23.870597267150874,21.29237365722656,19.54673511309471,34.91624069213867,19.050442118511903,19.069511630142046,6.527354706564026,6.443578976345065,56.247023582458496,19
79,10.0,0.0,50,2019-06-11,10:05,R1,3.9327868721524224,156.21,0.11500000000000199,23.975017929077147,23.18898105621338,20.800317764282227,21.13583715266229,37.37333679199219,14.99111926716686,15.006125392559419,7.2309292685473014,10.661907406307288,49.078238129615784,19
80,12.0,0.0,50,2019-06-11,10:13,R1,5.130864201259221,176.9,0.11000000000001364,23.24720115661621,22.658236503601074,20.43722343444824,23.458994239889165,35.34563446044922,16.458127954832154,16.474602557389545,7.751881729370805,10.236116002367906,49.394296050071716,19
81,6.0,0.0,75,2019-06-11,10:21,R1,5.23007917215453,179.0,0.17999999999999972,25.348642921447755,22.10846118927002,20.012779235839844,21.377567743061803,39.01935577392578,20.802189533031225,20.8230125455768,6.4647693946387275,6.8833142142809525,74.13920161128038,20
82,8.0,0.0,75,2019-06-11,10:30,R1,5.666853928833865,181.9,0.11000000000001364,24.11812744140625,23.030721855163574,20.467273712158203,21.92023520932308,35.6637077331543,18.822860712147058,18.841702414561617,7.593605307260448,8.413457792431002,74.62776467204094,21
83,12.0,0.0,75,2019-06-11,10:36,R1,5.307692299668606,178.3,0.12000000000000455,23.163689422607423,22.48107147216797,19.88131332397461,22.66732856600903,38.31959915161133,18.337238657098585,18.355594251349935,7.014949034051474,10.375017925909894,72.97241380810732,21
84,6.0,0.0,100,2019-06-11,10:43,R1,6.5505101808479855,227.3,0.11000000000001364,25.71036014556885,24.376926040649415,21.962221145629886,21.019697882447925,36.68948364257813,23.817043208029876,23.840884092121996,7.888214271196297,6.93621364139509,96.45220828056335,22
85,10.0,0.0,100,2019-06-11,10:53,R1,6.714689268904217,226.5,0.12000000000000455,24.441532135009766,23.316063690185548,20.608755111694336,22.10878789005319,37.04731369018555,20.977171575239844,20.99816974498483,8.609420288793789,10.481259340981039,98.1614351272583,22
86,12.0,0.0,100,2019-06-11,10:58,R1,4.382471902718705,182.69,0.13000000000000966,23.396070098876955,22.04748592376709,20.641307830810547,21.98318438213003,35.89430618286133,19.890924293742803,19.910835128871675,6.75254237778106,10.346248682086495,97.35533630847931,22
87,4.0,250.0,100,2019-06-11,11:09,R1,5.599442897068757,250.1,0.11000000000001364,25.667915725708006,23.7455171585083,21.759389877319336,19.580214407382186,37.11888122558594,29.005951188382493,29.034986174557048,6.308712623170511,4.823839537560893,100.60289144515986,23
88,8.0,250.0,100,2019-06-11,11:18,R1,5.136403498419544,205.3,0.17499999999998295,23.79497356414795,22.65285243988037,20.264440536499023,23.892868622426455,42.82825469970703,22.948874136783974,22.97184598276674,6.621725883338657,8.414832033652596,96.39357882738108,23
91,10.0,500.0,75,2019-06-19,16:25,R1,3.3881748151656597,177.39,0.12000000000000455,25.03650665283203,23.456168556213377,20.171789169311523,26.674320585491714,40.99934768676758,21.88633984905538,21.90824809715253,5.650056892287609,10.484694367370652,75.14745603501797,24
92,12.0,500.0,75,2019-06-19,16:35,R1,4.381542704978922,175.81,0.11000000000001364,23.692555618286132,22.584115028381348,19.639667510986328,27.710581403029593,41.96150970458984,21.81337364394297,21.835208852795763,6.660406706863613,12.277707484204914,75.68830624222755,24
93,6.0,500.0,50,2019-06-19,16:45,R1,4.4969465605175225,181.81,0.11000000000001364,25.451061058044434,24.16144847869873,22.38416290283203,24.603312219144485,39.639591217041016,22.614204558159667,22.636841399559227,5.907354558862002,6.4563096117223955,51.55749148130417,25
94,4.0,500.0,50,2019-06-19,16:55,R1,2.999606294425454,219.2,0.15499999999999403,24.296670341491698,22.978260612487794,21.10581970214844,25.93335473177488,43.07476043701172,27.96410510639408,27.992097203597677,4.515452939070775,4.508488536702887,50.77465355396271,25
95,10.0,500.0,50,2019-06-19,17:05,R1,2.38915253170466,159.7,0.11000000000000121,23.098582649230956,22.390798377990723,20.44473648071289,22.708609337646354,42.66921997070313,19.051969040993015,19.071040081074088,4.713561188639065,10.53631736100489,54.711198091507015,25
96,6.0,500.0,75,2019-06-19,17:15,R1,3.400257729992424,201.0,0.125,25.737655258178712,24.240828323364255,21.49896240234375,25.479111221566303,39.84634017944336,25.54385177622293,25.569421197420347,5.145321629781704,6.639860483228509,79.55816757678986,26
97,4.0,500.0,75,2019-06-19,17:25,R1,2.085166244250734,236.39,0.14999999999999147,24.39082431793213,22.891243362426756,20.824108123779297,26.555394978696512,43.05885696411133,31.365828005999244,31.397225231230472,3.760663504189978,4.8113012206796375,81.22225165367126,26
98,12.0,500.0,25,2019-06-19,17:35,R1,2.16633661902777,130.5,0.15000000000000213,22.981390762329102,22.415964889526368,20.075380325317383,27.917248360170138,42.4306640625,14.885010280214978,14.899910190405382,6.86752293459866,12.436242431368196,23.829010542482138,26
99,8.0,500.0,75,2019-06-19,17:45,R1,2.495068493118025,190.7,0.11000000000001364,25.570005416870117,24.238825225830077,22.273983001708984,25.217506757804326,39.70320892333984,23.5322294400715,23.555785225296795,5.116183048513319,8.765093167483831,76.7567652463913,27
100,12.0,500.0,50,2019-06-19,17:55,R1,2.0885714271238873,156.01,0.11000000000001364,24.336735725402832,23.35074577331543,21.358732223510746,26.160513217632587,41.27765655517578,18.380697369532243,18.39909646599824,5.659720287789832,12.231757244766213,54.11999401450163,27
101,8.0,500.0,50,2019-06-19,18:05,R1,1.9211111059895267,164.5,0.12000000000000455,23.48571662902832,22.65222663879395,20.765260696411133,26.312724184625004,42.390907287597656,19.993003971774485,20.013016988763248,5.273724486177065,8.775064837511067,51.18867301940918,27
102,4.0,500.0,100,2019-06-19,18:15,R1,3.010816314025801,252.5,0.11000000000001364,25.36141414642334,23.565597343444825,21.706802368164062,25.363394250914062,40.554046630859375,34.0085991501307,34.04264179192262,4.389431490847955,4.996288199516389,103.57021552324295,28
105,6.0,500.0,100,2019-06-19,18:35,R1,3.090515453053504,221.1,0.11500000000000554,25.655145263671876,24.006694793701172,21.57283401489257,26.193000769529718,41.43669509887695,28.95200099362522,28.98098197560082,4.736827963035166,6.801854915038121,100.56343448162079,29
106,10.0,500.0,100,2019-06-19,18:45,R1,2.7865263120751633,194.8,0.14999999999999858,24.172466659545897,22.946207809448243,20.68262481689453,27.54878710498329,42.70102691650391,25.277288461039458,25.302591052091547,5.218592444012145,10.359599377802718,100.32610458135605,29
107,12.0,500.0,100,2019-06-19,18:55,R1,2.4411273375931266,194.9,0.12000000000000455,23.078800201416016,22.286377716064454,20.09791755676269,28.56825704303826,42.486328125,25.075173317867016,25.10027359145847,5.068559399789315,12.399095686492757,101.05182015895844,29
108,6.0,0.0,25,2019-06-24,10:31,R1,4.470370363306116,161.9,0.11000000000001364,25.00533084869385,23.773187828063964,20.67260932922364,21.08636892535699,34.129013061523445,15.71783098862377,15.733564553176947,6.241269842342094,6.858465247681144,25.24371540546423,30
109,4.0,500.0,75,2019-06-24,10:39,R1,4.975365848076053,253.9,0.11000000000001364,23.996553421020508,22.509117317199706,20.20559501647949,26.762165470454217,40.33934783935547,30.95112000330773,30.98210210541314,5.560094646380903,4.375991747107283,75.55666173994541,30
110,4.0,0.0,75,2019-06-24,10:50,R1,3.552799992879232,245.8,0.12000000000000455,25.75868968963623,24.370666313171387,22.80610275268555,19.99744904099822,33.36564254760742,25.4896567942941,25.51517196626036,4.1917348523576985,4.986033585067737,76.27498590946198,31
111,12.0,250.0,25,2019-06-24,10:59,R1,2.650837987494868,135.8,0.17999999999999972,24.47133102416992,23.631079864501952,21.770658493041992,20.636800458594674,39.21814727783203,14.118184708561094,14.13231702558668,5.629178887937775,12.459696780957733,27.283361315727234,31
112,6.0,500.0,75,2019-06-24,11:06,R1,4.538560419891671,201.5,0.11000000000001364,23.743138694763182,22.645215034484863,20.936792373657227,26.95729780996575,42.51018524169922,25.979796910449373,26.005802713162534,5.715581852538581,6.528594841285702,75.01382759213442,31
113,12.0,250.0,100,2019-06-24,11:15,R1,5.520454531366175,201.2,0.13000000000000256,25.78974018096924,24.591152381896972,21.89210700988769,23.536851494593392,37.1268310546875,21.846201145976682,21.868069215191873,7.0151746543734355,12.400374363229334,101.09570837020874,32
114,10.0,0.0,75,2019-06-24,11:20,R1,4.593506469355001,176.92,0.1799999999999784,24.6323450088501,23.594144821166992,21.155900955200195,22.27705061081332,42.2557258605957,18.877731283834134,18.89662791174588,6.672413786583083,10.741642761391525,75.20750851929176,32
115,8.0,500.0,25,2019-06-24,11:28,R1,5.528571459711815,148.8,0.1200000000000001,23.67289791107178,22.880349922180176,20.574949264526367,26.750762917876784,42.68512344360352,17.392579649112974,17.409989638751725,7.382503786417874,8.433360800361744,26.594230860471725,32
116,12.0,0.0,25,2019-06-24,11:34,R1,4.627380962882723,134.9,0.11000000000000121,22.98664951324463,22.473809432983398,20.4096794128418,24.065709723279348,37.5164680480957,14.042203290919755,14.056259550470223,7.55749589037856,12.711180832423212,26.200148940086365,32
117,10.0,0.0,50,2019-06-24,11:40,R1,5.316733048731587,161.0,0.14999999999999858,22.612035751342773,22.098194313049316,20.296993255615234,22.963383107554186,38.40706634521485,15.932287558139604,15.948235793933536,7.3937845238335225,10.559008205522323,49.365750551223755,32
118,4.0,250.0,100,2019-06-24,11:47,R1,6.708639325127488,256.2,0.1799999999999784,25.65088806152344,23.954234313964843,21.925912857055664,22.876425506093124,40.19621658325195,30.53971852444937,30.570288813262632,6.734268843775486,4.4391167871562995,100.57722115516663,33
119,8.0,0.0,50,2019-06-24,11:54,R1,4.600340136054422,199.5,0.11000000000001364,23.893134307861327,23.093699645996093,21.06575393676757,22.226748727560043,37.48466110229492,17.027405050507728,17.044449500007733,6.440500000864267,8.710259476993645,51.91981089115143,33
120,10.0,250.0,25,2019-06-25,10:28,R1,4.065891472868217,138.4,0.17499999999999716,25.141678810119632,24.010075759887695,20.375873565673828,23.25976509698611,38.34345245361328,13.752613305374005,13.766379685059063,7.423679718167047,10.406742792468032,25.356192395091,34
121,6.0,0.0,50,2019-06-25,10:36,R1,4.3830827098143725,183.1,0.18000000000000682,24.22004451751709,23.035103797912598,20.73270797729492,21.469243994713903,35.63190078735352,18.2670892848971,18.285374659556656,6.316085481268215,6.416733663127829,50.248594522476196,34
122,10.0,500.0,75,2019-06-25,10:44,R1,4.454891309142113,174.4,0.11000000000001364,25.75130214691162,24.474085807800293,21.415075302124023,24.84243592984029,42.54994201660156,21.31409717787738,21.335432610487867,6.63629892882079,10.435637480712955,75.68934607505804,35
123,6.0,250.0,100,2019-06-25,10:50,R1,6.1840954234538446,215.1,0.18999999999999773,24.618572235107422,23.248954200744627,20.71768379211425,21.507194874085588,42.5419921875,26.352141231846396,26.37851975159799,6.60061823729846,6.353122733718943,105.03706896305084,35
124,8.0,0.0,25,2019-06-25,10:57,R1,3.180379760416248,149.8,0.11000000000001364,23.335721015930176,22.739369583129882,20.708919525146484,19.208064928121374,37.341529846191406,14.38927962152468,14.40368330482951,5.6487309703801944,8.79605002542427,27.359113957732916,35
125,4.0,250.0,75,2019-06-25,11:05,R1,5.032219580079035,231.61,0.12000000000000455,25.81039924621582,24.269750785827636,22.250192642211918,19.932412182737522,34.693588256835945,27.600887749369658,27.62851626563529,5.46103896322683,4.447183781782005,81.28655183315271,36
126,4.0,500.0,100,2019-06-25,11:13,R1,6.350790077084612,262.51,0.17999999999999972,24.403845596313477,22.752140235900878,20.63629913330078,27.693148052032072,41.42874145507813,36.225394819266654,36.26165647574239,7.110495645911284,4.376164376245284,101.33465611934668,36
127,8.0,250.0,50,2019-06-25,11:21,R1,3.8402173892743345,163.6,0.17999999999999994,25.681688499450683,24.559350204467773,22.31780433654785,23.38747561309911,42.009220123291016,19.379349501827583,19.39874825007766,6.295822778608225,8.578150367970373,52.47680807113653,37
128,8.0,0.0,100,2019-06-25,11:29,R1,6.613580248973988,205.3,0.12000000000000455,24.66464767456055,23.529288482666015,21.87958526611328,21.804489838698554,34.129013061523445,21.747494805054846,21.769264069123967,7.638095244173965,8.526146748072843,101.4286568164826,37
129,12.0,500.0,75,2019-06-25,11:36,R1,6.276334119783477,188.3,0.12000000000000455,23.599152755737304,22.56032600402832,20.224374771118164,27.45406388484341,44.58559799194336,24.776770604135873,24.801572176312185,7.933648802253852,12.544733795953038,76.27021193504333,37
130,10.0,500.0,50,2019-06-25,11:45,R1,4.460869555887968,155.6,0.11999999999999922,25.793872451782228,24.640483093261718,22.59951591491699,25.28528156953395,39.30561828613281,19.430706857519112,19.450157014533644,7.010854806149507,10.465603211411965,48.942068099975586,38
131,4.0,0.0,100,2019-06-25,11:53,R1,5.51795367614643,250.21,0.18999999999999773,24.745029640197753,23.351371574401856,21.925912857055664,19.05762846131679,33.93817138671875,27.504246808301094,27.53177858688798,6.234334471689556,4.398793883065541,104.01068449020386,38
134,12.0,500.0,50,2019-06-29,12:15,R1,2.6124999893563134,160.69,0.10999999999999988,25.621464729309082,24.43164119720459,20.88921356201172,20.737097854144448,42.81235122680664,18.175016137292243,18.19320934663888,5.152401739593156,12.330594013583747,53.24596065282822,39
135,4.0,250.0,25,2019-06-29,12:20,R1,2.9917808166921955,196.3,0.14999999999999858,24.617946243286134,23.292024421691895,20.92427062988281,24.57559752132499,38.11285400390625,23.60480368142412,23.628432113537656,4.654075551815109,4.82899354927443,26.307589054107723,39
136,8.0,250.0,25,2019-06-29,12:40,R1,2.011764703428044,177.2,0.11000000000001364,23.44777946472168,22.745003509521485,20.49982643127441,24.296780168274303,40.522239685058594,15.656737095672995,15.672409505178173,5.831635810526801,8.533512954508675,25.101419866085052,39
137,8.0,250.0,100,2019-06-29,13:10,R1,5.276271194219589,197.4,0.14500000000000313,25.714367294311522,24.34700241088867,22.678394317626957,23.572092863007974,35.528526306152344,24.514536085672784,24.539075160833615,6.9126888255458345,8.351592332914109,102.28778910636896,40
138,8.0,500.0,100,2019-06-29,13:26,R1,5.06565658973925,200.9,0.12000000000000455,24.33911476135254,23.014444923400877,21.035703659057614,26.848726370203213,42.23982238769531,26.78663664284527,26.813450092938204,7.567716540783409,8.700214763825576,102.31988429371273,40
139,12.0,0.0,50,2019-06-29,13:33,R1,5.305652165412903,156.7,0.12000000000000455,23.177962684631346,22.533281898498537,20.841636657714844,23.65102233336522,40.2916374206543,16.485332137290367,16.50183397126163,7.563461534017642,12.50661081879156,48.531845808029175,40
140,4.0,500.0,25,2019-06-29,13:40,R1,4.249462363540485,199.2,0.1799999999999784,25.623969078063965,24.21428508758545,22.53065299987793,24.745603371266927,38.38321304321289,25.50589389262392,25.531425317941864,5.5433368236295575,4.322424497146607,24.139431953430176,41
141,12.0,0.0,75,2019-06-29,13:47,R1,6.227358485917625,237.6,0.12000000000000455,24.32772102355957,23.4052095413208,21.22100830078125,22.94430885259171,42.891868591308594,19.813860566672552,19.833694260933484,8.219649124145509,12.316683169014919,77.3387188911438,41
142,8.0,250.0,75,2019-07-01,13:54,R1,2.2835616503676324,177.5,0.12000000000000455,25.006207084655763,23.74526653289795,21.31616401672364,24.062174231179448,38.16056442260742,21.283344101190774,21.304648749940714,5.030992203598703,8.644331453256015,76.62814605236048,42
143,12.0,0.0,75,2019-07-01,14:01,R1,3.036206896551724,167.9,0.1700000000000017,23.90828380584717,23.045871353149412,20.68262481689453,22.57055153202366,39.082969665527344,17.60360342763868,17.621224652290973,6.070135144929628,12.285825137394585,71.07570923864841,42
144,8.0,500.0,50,2019-07-01,14:08,R1,2.407203380586737,173.5,0.12000000000000455,23.110226821899413,22.421724319458008,20.065364837646484,26.43564640493954,42.23187255859375,19.968423960427568,19.988412372800365,5.783267976645551,8.705205546515144,49.28374072909355,42
145,6.0,500.0,100,2019-07-01,14:15,R1,2.9652451988476427,220.4,0.11000000000001364,25.840823936462403,24.242581367492676,22.31404685974121,25.056025278471523,38.41501998901367,28.554077996298076,28.582660656955028,4.87276826923876,6.93377706121882,101.6947193145752,43
146,10.0,0.0,25,2019-07-01,14:22,R1,2.589622626889427,182.5,0.11000000000000121,24.359523200988768,23.685543823242188,21.71932411193848,21.05950015079644,36.33960723876953,13.081290939530609,13.094385324855464,6.636111104033059,10.423180792307273,21.486217975616512,43
147,6.0,250.0,75,2019-07-01,14:29,R1,2.6961928914646207,244.2,0.15000000000000213,23.721478080749513,22.81198844909668,20.61000633239746,25.013399789109826,44.6253547668457,23.976003081533797,24.000003084618413,4.734667974989861,7.041630981799745,76.86243188381195,43
148,4.0,0.0,50,2019-07-01,14:36,R1,2.7067164120389453,304.2,0.17999999999999972,22.83803081512451,22.317428398132325,20.646316528320312,22.013845285770625,39.51236343383789,22.858020992981817,22.880901894876693,4.223597502506745,5.1083976722560305,51.688385426998195,43
149,10.0,250.0,75,2019-07-03,15:03,R1,2.9946835448470295,173.81,0.17999999999999972,25.61846008300781,24.452299690246583,22.488082885742188,23.31816119340836,38.46273040771485,20.476346518303206,20.49684336166487,5.477320795473845,10.40735864548217,77.11591899394989,44
150,12.0,0.0,100,2019-07-03,15:10,R1,3.3152719661281695,182.1,0.12000000000000455,24.581010627746583,23.508503913879395,22.01605987548828,21.204890113279045,35.84659576416016,19.512545053661526,19.532077130792317,5.748521361528587,12.396584889316161,101.87399852275848,44
151,12.0,250.0,50,2019-07-03,15:17,R1,2.5996309945504166,149.71,0.14499999999999602,23.625320816040038,22.831269836425783,20.93553924560547,25.30494038104327,41.96946334838867,17.4230373323549,17.440477810165067,6.050358681288819,12.163031072058153,50.68782514333719,44
152,10.0,500.0,100,2019-07-03,15:28,R1,2.661167000261111,193.39,0.12000000000000455,22.9897798538208,22.1744441986084,20.25192070007324,28.180312369243207,44.87186050415039,25.74997528035633,25.775751031387717,5.013353413127991,10.481902146625897,102.53938239812845,44
153,10.0,250.0,100,2019-07-03,15:35,R1,2.5869653716592342,188.29,0.12000000000000277,25.709859466552736,24.408102798461915,22.674638748168945,22.758804920039225,39.750919342041016,22.54238477487378,22.564949724598378,5.049175255015953,10.452935822417194,103.10768121480936,45
154,6.0,250.0,50,2019-07-03,15:43,R1,2.349290778028204,176.7,0.11000000000001364,24.552338790893554,23.37052803039551,21.619159698486328,23.955209333991164,40.36320495605469,21.38042769194093,21.401829521462393,4.895814980441778,6.944896509906304,52.182885110378265,45
155,12.0,500.0,100,2019-07-03,15:50,R1,4.0329166680574415,188.2,0.11999999999999034,23.530038833618164,22.510118675231933,20.519859313964844,27.85770080534584,43.39282989501953,25.218167132871095,25.24341054341451,6.1988529750030406,12.280481125373235,101.84193170070648,45
156,4.0,500.0,50,2019-07-03,15:56,R1,2.9137930892893182,217.1,0.18500000000000227,25.76469955444336,24.17534637451172,22.34159278869629,25.012679819534682,40.8562126159668,28.992252357139943,29.02127363077071,4.473398568897485,4.757838619087105,51.08066487312311,46
157,10.0,250.0,50,2019-07-03,16:05,R1,1.965098035803028,150.91,0.17999999999999972,24.309691429138187,23.35963535308838,21.8670654296875,23.16572016295964,38.57405471801758,17.126153578864642,17.14329687574038,5.523961216252596,10.361122216348267,50.670183122157994,46
158,12.0,250.0,75,2019-07-03,16:10,R1,2.8185863772611968,168.9,0.14999999999999858,23.48158473968506,22.67263469696045,20.887962341308597,23.12026288197401,40.9675407409668,20.187784877990158,20.207992870861016,5.105549509818458,12.232921479720964,78.43264698982239,46
159,6.0,250.0,25,2019-07-03,16:16,R1,1.7770491687000776,160.2,0.11999999999999034,25.44567699432373,24.188617897033687,20.775278091430664,23.530542796945827,39.93380737304688,18.16711166962978,18.185296966596376,5.214037414779638,6.866391127982794,22.86617183685297,47
160,4.0,250.0,50,2019-07-03,16:25,R1,1.6969298232804264,218.0,0.17499999999999005,24.39332847595215,23.088941955566405,20.93553924560547,24.21035147060363,40.65742111206055,25.853218870438095,25.8790979684065,4.156869879980539,5.220242786951725,49.0542171895504,47
162,8.0,500.0,75,2019-07-03,16:35,R1,3.050271741236034,181.3,0.10999999999999943,23.18835506439209,22.430237770080566,20.00651741027832,27.438980368631228,41.80247497558594,23.431841481708,23.45529677848648,5.603013394733092,8.553450595672725,74.95061874389648,47
163,6.0,0.0,75,2019-07-03,16:41,R1,3.2015424071976337,204.11,0.1799999999999784,25.747171020507814,24.374923133850096,22.486831665039062,19.645183213489076,38.41501998901367,20.431229142264275,20.45168082308736,5.378874625881944,6.999986360876058,77.43170017004013,48
164,10.0,0.0,100,2019-07-03,16:50,R1,3.6736616710523977,193.1,0.1549999999999998,24.413736724853514,23.162938117980957,21.427595138549805,21.24311924956838,32.538658142089844,20.193825595822716,20.214039635458175,5.8597748295433565,10.318900631828093,102.71806395053858,48
165,8.0,0.0,75,2019-07-03,16:56,R1,3.7098901039296455,206.0,0.12000000000000455,23.197995567321776,22.484577178955078,20.498573303222656,21.82199238621911,35.18659973144531,18.650062576526196,18.66873130783403,6.400664441741318,8.819128739043004,77.19211110472679,48
166,6.0,500.0,50,2019-07-09,11:23,R1,3.036363644048202,191.99,0.11000000000001364,25.619962310791017,24.341493225097658,21.547792434692383,24.608271271126455,41.37308120727539,22.26315579812162,22.28544123936098,5.3502283137819,6.774109418043004,48.664328217506466,49
167,10.0,500.0,25,2019-07-09,11:35,R1,1.974675322507883,142.51,0.14999999999999147,24.40021457672119,23.469440269470216,20.370864868164062,26.051271054610954,44.40270614624024,15.988191833969433,16.00419602999943,6.404125404239881,10.46627691420538,25.985288619995117,49
168,10.0,250.0,75,2019-07-09,11:42,R1,2.4174358988419558,180.8,0.12000000000000455,23.587132835388182,22.735112571716307,20.4384765625,25.110329445541524,41.26175308227539,20.69234138896629,20.7130544434097,5.281357870963419,10.350380893023058,75.45447832345963,49
169,6.0,0.0,50,2019-07-09,11:49,R1,1.9914191406552155,183.3,0.17000000000001592,25.36542053222656,24.288656997680665,22.678394317626957,19.913741283157368,35.40924835205078,19.612870612744295,19.632503115860153,4.736307063754416,6.625263016989716,51.541757583618164,50
170,6.0,0.0,25,2019-07-09,11:56,R1,2.8837662408878275,164.5,0.12000000000000455,24.35751972198486,23.478329277038576,21.8670654296875,20.95014569477629,35.86249923706055,16.53821439443396,16.554769163597555,5.691613733692726,6.816678941691882,27.349682182073593,50
171,12.0,0.0,25,2019-07-09,12:03,R1,3.1944056040757185,132.09,0.11000000000001364,23.56860218048096,22.960231018066406,21.3599853515625,22.59670330261017,37.79478073120117,13.11534942017734,13.128477898075415,7.062412591664107,12.1702127410997,25.607188582420406,50
172,6.0,0.0,100,2019-07-09,12:09,R1,2.8280082852019315,221.0,0.11000000000001364,25.516668128967286,24.241830253601073,22.58073425292969,20.097112859756443,35.2025032043457,23.5958324704283,23.61945192235065,4.607193608478797,6.55806891779782,102.14049476385122,51
173,6.0,250.0,100,2019-07-09,12:17,R1,3.5049281274513544,236.6,0.12000000000000055,24.32221202850342,23.093449211120607,21.461400985717773,20.826418756524546,38.32754898071289,26.918871086167513,26.945816903070583,4.436881012636383,6.486024681019896,102.88793438673031,51
174,12.0,250.0,75,2019-07-09,12:26,R1,2.5193121609864413,171.8,0.12000000000000455,23.165317153930665,22.41846866607666,20.641307830810547,25.80764285207816,40.021278381347656,19.985615346036223,20.005620967003225,5.495471236901301,12.28903318523136,76.65966695547104,51
175,6.0,0.0,75,2019-07-09,12:34,R1,2.7140259693195294,195.2,0.11000000000001364,25.7466703414917,24.61957378387451,23.10784721374512,19.460452589330757,33.58034133911133,20.830881196976065,20.85173292990597,5.010880324182596,6.558693922060879,77.41762518882751,52
176,8.0,0.0,100,2019-07-09,12:40,R1,3.037399994850159,203.4,0.15000000000000213,24.67516479492187,23.532543754577638,21.937179565429688,21.463943624684934,39.082969665527344,21.947461479382433,21.969430910292722,5.187648233924459,8.418869910119538,100.99717342853546,52
177,10.0,0.0,25,2019-07-09,12:50,R1,2.4640718491491445,139.0,0.11999999999999034,23.601155853271486,22.974504661560065,21.451385498046875,20.306757777062447,37.397193908691406,13.558820123442784,13.572392515958741,6.026656844874018,10.378180039660839,26.961609080433846,52
178,10.0,500.0,25,2019-07-10,8:23,R1,3.4414814701786747,138.1,0.10999999999999988,25.481110191345216,24.531179428100586,22.42422866821289,24.71288489503322,39.71911239624024,15.874094046891813,15.889984030922735,6.629401984008839,10.336096544727654,25.175539016723633,53
179,6.0,500.0,100,2019-07-10,8:28,R1,4.336530630929129,211.9,0.17500000000000085,24.665273857116695,23.19874687194824,21.560312271118164,26.118891193570573,40.65742111206055,28.382981835012632,28.411393228240872,5.6908847226747135,6.589790052389583,101.80510139465332,53
180,10.0,500.0,75,2019-07-10,8:35,R1,4.463707552254978,172.0,0.11000000000001364,23.35011978149414,22.497348022460937,20.43471908569336,27.213236921105985,43.01909637451172,22.00973582812061,22.031767595716325,6.562897513696246,10.581510556025405,77.12369537353516,53
181,6.0,250.0,50,2019-07-10,8:44,R1,3.634983489615689,175.6,0.11000000000001364,25.677306365966796,24.44315986633301,22.568214416503903,20.0099764169562,38.23212814331055,20.800493443606,20.821314758364366,5.07509689997564,6.4651757236213685,53.31910133361811,54
182,8.0,500.0,50,2019-07-10,8:57,R1,3.339700380068147,180.8,0.11999999999999877,24.474586486816406,23.385552978515626,21.25356101989746,26.017798036451083,42.31933975219727,20.470447066196364,20.49093800420056,5.986590040141139,8.545195157698002,48.784693837165776,54
183,12.0,500.0,25,2019-07-10,9:07,R1,3.062962957664772,135.9,0.15000000000000213,23.467061233520507,22.773675537109376,20.62127494812012,26.830066899121817,43.16222763061523,15.16675856192394,15.181940502426365,6.827796603057344,12.41225963089093,26.261733055114746,54
184,4.0,500.0,100,2019-07-10,9:12,R1,3.8084536009228107,249.9,0.11999999999999034,25.80100898742676,23.92343406677246,22.14251708984375,25.236560790780917,39.89405059814453,34.18738085120904,34.221602453662705,4.687472205678121,4.620364777740092,101.25988066196442,55
185,10.0,250.0,50,2019-07-10,9:22,R1,3.1450381633889584,190.3,0.17999999999999616,24.088829612731935,23.267108726501466,21.258569717407227,24.096191560026753,38.96369171142578,17.69059382157789,17.708302123701593,6.111788632100836,10.456239443075495,51.15045720338816,55
186,12.0,0.0,75,2019-07-10,9:30,R1,3.6207792056071293,168.9,0.12000000000000455,23.284011459350587,22.564332580566408,20.93804359436035,23.732380403791154,38.57405471801758,18.54682708060055,18.565392473073622,6.095279499906931,12.246004635217924,74.55455833673483,55
187,12.0,250.0,25,2019-07-10,9:37,R1,2.6149532627836565,137.8,0.10999999999999943,25.71048526763916,24.73288459777832,22.19635581970215,22.703831140582786,35.71141815185547,13.847874757345352,13.86173649383919,6.838680933716038,12.298757656368585,24.268373131752014,56
188,4.0,0.0,100,2019-07-10,9:45,R1,3.372391290250032,306.3,0.11000000000001364,24.752917289733887,23.16556739807129,21.59537124633789,20.89381590620937,33.3974494934082,27.449654533036323,27.477131664701023,4.462099770335057,4.455153369361234,101.47698876261705,56
189,8.0,250.0,25,2019-07-10,9:56,R1,3.147486027392595,147.9,0.120000000000001,25.16922397613525,23.922807693481445,20.489809036254886,19.10404788462272,39.59983444213867,15.123435359798668,15.138573933732399,5.526855134149603,8.50600960627881,30.764608691679314,57
190,10.0,250.0,100,2019-07-10,10:03,R1,2.9147999893426895,196.61,0.12000000000000455,24.12551498413086,22.78932590484619,20.214359283447266,25.3522001124757,39.03525924682617,22.99386984192492,23.016886728653574,5.108668725618514,10.556344325600728,99.99558470025664,57
191,12.0,250.0,100,2019-07-15,7:26,R1,1.6161347432656492,193.0,0.17999999999998906,24.314449310302734,23.058642578125,19.613374710083008,25.40762504005053,40.06103515625,23.125515583275778,23.1486642475233,4.346222663938881,12.225520167702978,98.8206735849381,58
192,12.0,0.0,50,2019-07-15,7:34,R1,1.2946360190595247,158.89,0.1799999999999784,23.23793601989746,22.62943916320801,20.238147735595703,22.32077461682009,35.77503204345703,15.25668408274834,15.271956038787128,5.321910129901901,12.243758195797982,49.51963949203491,58
193,4.0,500.0,50,2019-07-15,7:46,R1,1.614705880288205,217.8,0.12000000000000277,25.312709045410156,23.39732208251953,19.09252166748047,25.657431071765508,39.59983444213867,27.815109890469664,27.842952843312972,3.8602023709182194,4.593461644389149,49.90322279930109,59
194,12.0,0.0,100,2019-07-15,7:53,R1,2.24323307526739,204.71,0.12000000000000455,23.653616523742677,22.675640106201172,20.601242065429688,17.242974178325277,35.88635635375977,19.29587862156819,19.31519381538357,3.969186524166469,12.149804259567464,102.3517398238182,59
195,8.0,250.0,100,2019-07-15,8:05,R1,2.0227450941123215,208.79,0.11999999999999034,25.731270027160644,24.397585487365724,22.2276554107666,22.44434347292272,39.12272644042969,23.257650860227038,23.280931792019054,4.582048773649262,8.612345005885407,97.99430418014532,60
196,12.0,250.0,50,2019-07-15,8:12,R1,1.5449640266329265,266.11,0.12000000000000455,24.516905784606934,23.67152099609375,21.65171241760254,23.72770466884421,36.93598937988281,16.856002161698395,16.87287503673513,5.444692743473879,12.177076556799944,49.88613671064377,60
197,10.0,250.0,25,2019-07-15,8:20,R1,1.911409402053628,137.3,0.12000000000000455,23.646479606628418,22.932060050964356,21.228519439697266,23.370828688440245,37.67550659179688,14.19976418867685,14.213978166843692,6.226115691563314,10.345982839136296,23.840277992188874,60
198,10.0,0.0,50,2019-07-15,8:26,R1,1.7334437105829352,152.9,0.18000000000000002,23.06991081237793,22.459535789489745,20.59748649597168,21.681471658103032,37.50056457519531,15.760763809662595,15.776540350012608,5.248162727382552,10.475118765507027,50.47811412811279,60
199,4.0,250.0,50,2019-07-15,8:35,R1,1.5703703596535756,232.0,0.11999999999997613,25.760442161560057,24.108361434936523,21.61289978027344,18.221509763223523,39.408992767333984,24.736451296317206,24.76121250882603,3.1536706913520165,4.770765925601196,52.724854100495634,61
200,4.0,500.0,25,2019-07-15,8:46,R1,1.527160499566867,196.89,0.1800000000000006,24.137033462524414,22.758776092529295,20.88545799255371,24.07125868284298,41.38898468017578,24.04884510012942,24.072918018147565,4.0204399560811215,4.661252645510673,27.608120083808842,61
201,4.0,250.0,75,2019-07-15,8:54,R1,1.8657894732136475,234.5,0.11000000000001364,25.790116119384766,24.185738182067873,22.322813034057614,22.246771244095406,37.81068420410156,28.1520985817744,28.18027886063503,3.8110931151791623,4.559632278802291,73.9720208644867,62
202,4.0,250.0,25,2019-07-15,9:02,R1,1.6215277794334624,214.32,0.17999999999999972,24.332103157043456,23.229171371459962,21.435108184814453,22.962436317680833,36.999603271484375,22.649059929898993,22.671731661560553,4.121643332178464,4.684683589758179,22.549743413925114,62
203,8.0,0.0,25,2019-07-15,9:11,R1,1.911904757931119,142.7,0.17999999999999616,23.29277572631836,22.676516342163087,21.16216087341309,21.12968925476074,35.80683898925781,14.32425308628103,14.338591677958986,5.7186666711171465,8.306723382615727,25.364037126302662,62
204,6.0,250.0,25,2019-07-15,9:18,R1,1.3487179489471974,166.5,0.12000000000000455,24.80525302886963,23.588760757446288,18.810810089111328,24.882427559992312,38.550201416015625,18.3272515083691,18.34559710547457,5.002802548894457,6.572443462331548,23.492866218090057,63
205,6.0,500.0,25,2019-07-15,9:25,R1,1.7673611094554265,161.8,0.11000000000001364,23.904402351379396,22.83001766204834,20.16552925109864,26.731206471438234,41.88199234008789,19.41304631415884,19.43247879295179,5.22797928264104,6.738508174233028,24.447527289390507,64
206,8.0,250.0,75,2019-07-15,9:33,R1,2.452896723519044,185.7,0.15000000000000568,25.79161834716797,24.57550163269043,22.541921615600582,22.19744698486664,35.75912857055664,20.80215370216878,20.822976678847628,5.028524237188473,8.537508879594798,74.96921944618225,65
207,8.0,0.0,50,2019-07-15,9:41,R1,2.6333333341590253,165.2,0.1799999999999926,24.693069076538087,23.71446647644043,22.131248474121094,20.376535138534624,32.14902114868164,16.535037617134773,16.551589206341113,5.664005252547289,8.733840724209056,47.22248685359955,65
208,6.0,250.0,75,2019-07-15,9:49,R1,2.8127999897003173,198.09,0.1699999999999946,23.8223934173584,22.801345825195312,21.09455108642578,23.630187657532726,38.77285003662109,22.969636478779012,22.9926291078869,5.0307381190472595,6.53801726908321,75.24837636947632,65
209,6.0,500.0,50,2019-07-15,9:57,R1,2.190559442226703,175.3,0.17999999999999972,25.55310344696045,24.132401084899904,20.980613708496094,25.96902973615526,42.96343612670898,22.982020581213835,23.005025606820652,4.7674291980552255,6.510508615597065,52.229820728302,66
210,4.0,250.0,100,2019-07-15,10:05,R1,2.5567346895227625,251.49,0.17499999999999005,24.357144355773926,22.87446575164795,20.87168502807617,24.259661536142616,38.10490036010742,31.141625509241702,31.17279830754925,3.853663948754043,4.8913713995066885,97.7827743627131,66
211,0.0,0.0,0,2019-07-18,9:20,A1,,131.9,0.11000000000000743,25.65902633666992,25.615955924987794,25.585657119750977,,-0.0874695107340812,-0.15962422917654703,-0.15978401318973676,,0.0,0.0,67
212,0.0,0.0,0,2019-07-18,9:25,A1,,120.3,0.1100000000000006,25.544964599609376,25.507027435302735,25.4942569732666,,0.0238553211092948,-0.11159953886293864,-0.11171125011305168,,0.0,0.0,67
213,0.0,0.0,0,2019-07-18,9:30,A1,,58.61,0.14000000000000057,25.433407020568847,25.41612854003906,25.40536117553711,,-0.1033730581402778,-0.06255684949943913,-0.06261946896840753,,0.0,0.0,67
214,0.0,0.0,0,2019-07-18,9:36,A2,,136.21,0.11999999999999034,25.34551296234131,25.19839744567871,25.06480407714844,,0.5168653130531311,0.3344478647618163,0.33478264740922553,,0.0,0.0,67
215,0.0,0.0,0,2019-07-18,9:42,A2,,58.59,0.17999999999999972,25.22544136047363,25.12540225982666,24.888263702392567,,8.063098907470701,0.1428681290604518,0.14301114020065245,,0.0,0.0,67
216,0.0,0.0,0,2019-07-18,9:49,A2,,58.69,0.10999999999999943,25.11162986755371,25.01184139251709,24.87824821472168,,0.4930099844932556,0.13560430243477867,0.13574004247725593,,0.0,0.0,67
217,0.0,0.0,0,2019-07-18,9:52,A3,,140.1,0.14999999999999858,25.00107364654541,24.669029808044435,23.06527900695801,,13.883797645568848,1.242451705684742,1.2436954010858277,,0.0,0.0,67
218,0.0,0.0,0,2019-07-18,10:01,A3,,142.8,0.15499999999999758,24.83780651092529,24.680799102783205,24.229684829711918,,3.538539409637451,1.238852122894158,1.2400922151092673,,0.0,0.0,67
219,0.0,0.0,0,2019-07-18,10:04,A3,,126.41,0.17999999999999972,24.459061241149904,24.337612342834472,24.32609367370605,,1.5505958795547483,1.239732373566684,1.2409733469135975,,0.0,0.0,67
221,0.0,0.0,3,2019-07-18,14:22,H,,121.2,0.14500000000000313,22.24468421936035,21.379141426086427,21.142127990722656,,26.240854263305664,15.488238996151212,15.503742738890102,,0.3307260881349288,1.3595733642578693,68
222,0.0,0.0,3,2019-07-18,14:27,H,,142.4,0.12000000000000455,22.474811172485353,23.86508846282959,21.50897979736328,,30.83697891235352,18.686259041092118,18.704964005097214,,0.33163043466968123,0.8800544738769531,69
223,0.0,0.0,3,2019-07-18,14:32,H,,128.4,0.14999999999999858,22.377902603149415,23.25208396911621,21.500215530395508,,26.7497673034668,16.308266185452258,16.324590776228487,,0.8225665134730143,0.0,70
224,0.0,0.0,3,2019-07-18,14:36,H,,176.61,0.12000000000000455,22.014181900024415,22.80798168182373,21.003150939941406,22.460580584877416,27.370006561279297,17.640383634701813,17.65804167637819,2.8733333349227905,1.082514641939462,3.665423750877352,71
225,8.0,250.0,75,2019-07-24,16:00,R1,3.570194978567883,174.39,0.1699999999999946,25.522052192687987,24.298923683166503,22.253950119018555,23.199582485094222,36.87237548828125,21.171003938900718,21.19219613503575,5.851830661024055,8.483901457781478,73.02726304531092,72
226,8.0,500.0,75,2019-07-24,16:07,R1,3.67733331267039,187.0,0.11999999999998323,24.431515502929688,23.248328018188477,21.19346237182617,25.777053825540563,41.08681488037109,22.966691634671506,22.989681315987493,5.7949664504736065,8.766055609536993,76.22977471351624,72
227,6.0,0.0,100,2019-07-24,16:14,R1,2.6405295254985086,216.21,0.12000000000000233,23.343734169006346,22.474810981750487,20.87919807434082,22.804612840864767,36.24418640136719,24.298929839335024,24.32325309242745,4.491431099365962,6.882471002261207,101.7366846799851,72
228,10.0,500.0,100,2019-07-24,16:22,R1,3.2298353910446167,190.71,0.11000000000001364,25.58891143798828,23.89826717376709,21.51523971557617,25.901801196461772,40.75284194946289,24.603019954043557,24.6276476016452,5.509449632863513,10.303928510630941,102.3350528255105,73
229,10.0,0.0,50,2019-07-24,16:28,R1,2.9956521716803612,157.9,0.14499999999999957,24.01608543395996,23.084935188293457,21.33369255065918,20.837560982841833,34.47093963623047,15.3510373508122,15.366403754566766,5.928871396176145,10.595184771045622,53.3214133381843,73
230,6.0,500.0,25,2019-07-24,16:34,R1,2.1986928126391243,164.6,0.10999999999999943,23.1467866897583,22.342344093322755,20.08414459228516,26.62330760722308,41.61958312988281,19.509495764240427,19.529024789029457,5.5448453649110405,6.96095206097472,24.995619475841465,73
231,8.0,500.0,100,2019-07-24,16:41,R1,2.821301766401212,198.4,0.12000000000000277,25.409367179870607,23.879737091064452,21.859554290771484,26.43837694142216,41.36512756347656,26.928888987543573,26.95584483237595,5.006589148395745,8.692946907132875,102.02977633476263,74
232,12.0,500.0,100,2019-07-24,16:48,R1,2.2182481760961297,200.1,0.12000000000000455,24.03536739349365,22.951967620849608,20.86417388916016,21.883221733392435,42.868011474609375,24.42009656702667,24.4445411081348,4.22518891656629,12.2649013934671,107.73042216897011,74
233,4.0,0.0,50,2019-07-24,16:54,R1,2.3100371666557282,216.71,0.120000000000001,23.056764221191408,22.280868339538575,20.693893432617188,21.609116066159224,38.94778823852539,23.12401862785501,23.147165793648654,4.346281728719476,4.895531084503906,52.038408041000366,74
234,10.0,0.0,100,2019-07-24,17:02,R1,2.5292110886019685,189.3,0.10999999999999943,25.33887710571289,23.784456062316895,20.910499572753903,21.76723664631078,37.651649475097656,19.99366932541993,20.01368300842836,5.062448568396853,10.562251974232465,102.0171799659729,75
235,12.0,500.0,25,2019-07-24,17:09,R1,2.0872092995532725,141.4,0.17999999999999616,24.00381507873535,23.015446472167966,20.296993255615234,27.11544945158984,41.34922409057617,15.0578480454239,15.07292096639029,6.762075143338103,12.444055319495364,25.342978715896606,75
236,12.0,500.0,50,2019-07-24,17:16,R1,3.3386934648207083,155.4,0.12000000000000455,23.11398277282715,22.404195404052736,19.79993057250977,27.71233642119656,41.34922409057617,17.882085966230438,17.89998595218262,6.755469962334596,12.220114511926496,45.25124931335449,75
237,4.0,0.0,100,2019-07-24,17:25,R1,4.078539817734102,284.61,0.18500000000000227,25.467212295532228,23.874353790283198,21.07201385498047,21.666179501815503,35.09912872314453,28.31780729496735,28.346153448415762,5.199257058162037,4.713943880309393,100.14885097742075,76
238,4.0,500.0,50,2019-07-24,17:32,R1,5.130212773668005,216.31,0.11000000000001364,23.958491134643555,22.647218322753908,20.24315643310547,27.20523208675655,41.7468147277832,28.989851155825438,29.018870025851285,6.729787246291096,4.575571448910583,47.1950569152832,76
239,4.0,500.0,75,2019-07-24,17:41,R1,5.656626520386661,250.8,0.11999999999999922,25.617082405090333,23.953983879089357,22.06363677978516,22.878243157483737,42.90777206420898,31.308537332995027,31.339877210205227,6.9835051624694175,4.544646455017424,75.59800460934656,77
240,6.0,500.0,75,2019-07-24,17:47,R1,5.374366204839357,200.8,0.18999999999999773,24.0536470413208,22.87421531677246,21.175933837890625,26.163784105704345,42.35114669799805,25.698156695158175,25.723880575733908,6.934558092659966,6.41030477733128,73.56201098859322,77
241,10.0,0.0,75,2019-08-05,16:09,R1,3.4269129258032525,172.7,0.11999999999999034,25.50840492248535,24.43702507019043,21.955961227416992,21.81509982631187,34.669734954833984,18.636387802559955,18.655042845405358,5.912075030286594,10.393470887908588,78.58751046657557,78
242,8.0,500.0,100,2019-08-05,16:18,R1,4.669733651325143,264.61,0.11000000000001364,24.54432544708252,23.291523933410645,21.103315353393555,26.774487482205128,42.30343627929688,26.07209404027988,26.098192232512393,6.308422190294083,8.355407834672942,95.5130463540554,78
243,4.0,500.0,25,2019-08-05,16:31,R1,3.8465346251383865,242.7,0.11000000000001364,23.15605163574219,22.443885612487794,20.2193660736084,26.85511218719795,41.61958312988281,24.999133181505027,25.024157338843867,5.04211065710568,4.417298769870517,26.92596292495716,78
246,8.0,0.0,100,2019-08-05,17:12,R1,3.9488372152501885,204.4,0.12000000000000455,24.322211837768556,23.15505027770996,20.953067779541016,22.67022940971992,36.140811920166016,21.96595268836611,21.987940628995105,5.900799205967715,8.295479229793866,100.78696632385265,79
247,8.0,0.0,75,2019-08-05,17:20,R1,2.967486329417411,187.6,0.18500000000000227,23.156928634643553,22.51587829589844,20.284473419189453,22.869755944639678,39.56802749633789,19.629889611815535,19.6495391509665,5.6646136574088395,8.43205760611454,72.46479380130762,79
248,4.0,250.0,75,2019-08-05,17:28,R1,3.326902172487715,238.69,0.11500000000000199,25.5180456161499,23.666512870788576,21.99853134155273,22.352257789042365,36.94394302368164,27.839184165252835,27.867051216469303,5.072792940499503,4.524956723043845,75.51757508516312,80
249,8.0,0.0,50,2019-08-05,17:36,R1,2.1080906078653427,165.4,0.12000000000000455,23.749899673461915,22.84829750061035,21.19847106933593,18.257488058203528,33.86660385131836,16.466331627875473,16.48281444231779,4.747970859594759,8.598074204113088,54.13445901870739,80
250,10.0,250.0,100,2019-08-05,17:44,R1,3.8277665705268293,165.2,0.17500000000001137,25.88965435028076,23.179214668273925,22.80860710144043,22.309095148287323,39.58393096923828,21.773079440313158,21.794874314627783,5.991263161207501,10.34752339077128,99.35607701539999,81
251,8.0,250.0,50,2019-08-05,17:52,R1,4.328682152799858,176.5,0.17999999999999972,24.710472869873048,23.65712242126465,21.278602600097656,23.2806435459065,47.19377899169922,18.44362821355699,18.46209030386085,6.19069181283315,8.459442864496845,51.24562805891037,82
252,12.0,500.0,75,2019-08-05,18:00,R1,2.7968749944120646,193.01,0.1799999999999784,23.763546562194826,22.85743808746338,20.58997344970703,25.374408635695886,42.34319686889648,21.250383336729428,21.27165499172115,5.24487321224996,12.36582567663969,76.80129866302013,82
253,10.0,500.0,25,2019-08-05,18:08,R1,2.433950612574448,153.1,0.1699999999999875,22.95008945465088,22.379029273986816,20.33205223083496,27.12250523605967,42.03307723999024,15.899723421911649,15.915639060972621,6.506341463957376,10.381174952099242,25.75281425565487,82
254,10.0,500.0,50,2019-08-05,18:16,R1,2.508823540086061,165.39,0.17499999999999716,25.528938484191894,24.429512786865235,22.369138717651367,23.932561854115832,39.64754486083984,19.0141579845307,19.033191175706406,5.522738696295937,10.400587115158311,52.48416221141815,83
255,6.0,500.0,25,2019-08-05,18:24,R1,1.332386358048428,165.21,0.11000000000001364,24.50676383972168,23.395193672180177,21.147136688232425,25.197547311472118,43.32921600341797,19.7599606061758,19.77974034652232,5.118922318394919,6.804203663454828,26.157121840864363,83
256,10.0,250.0,75,2019-08-05,18:32,R1,2.5831550799589107,172.4,0.1699999999999875,23.528161239624023,22.674763488769532,21.00815963745117,24.507777381753865,41.49235534667969,20.126276876417982,20.1464232997177,5.392262612739174,10.413673312478762,75.99990504980087,83
257,6.0,250.0,75,2019-08-05,18:36,R1,2.6282608699107515,210.0,0.12000000000000455,22.829767417907714,22.12774238586426,20.25192070007324,24.8387646018661,40.87211608886719,23.9317642663647,23.95571998635105,4.754302119604716,6.516181316368713,75.39839547872549,83
258,4.0,250.0,50,2019-08-05,18:44,R1,1.509504126862061,219.3,0.18999999999999773,25.536200332641602,24.090332221984863,22.114971160888672,22.522555420157143,38.28779220581055,25.90740213171381,25.933335467180985,4.0431718143597575,5.087152596787938,49.94685113430029,84
260,4.0,0.0,75,2019-08-05,18:55,R1,2.403030308153347,244.71,0.12000000000000455,25.531192207336424,24.046635818481445,21.885847091674805,20.35921850512179,34.54250717163086,25.99479602533213,26.020816842174302,3.7651702679070893,4.933193871617834,75.33699521422386,85
261,6.0,250.0,50,2019-08-05,19:00,R1,2.0254545346173374,192.9,0.12000000000000455,24.19312534332275,23.133514976501466,20.622528076171875,23.83953179710514,43.3371696472168,21.19765545128261,21.21887432560822,4.838021977524181,6.474448347013826,50.187043428420964,85
262,10.0,0.0,75,2019-08-05,19:09,R1,1.6966321165697562,172.51,0.18999999999999773,23.19974842071533,22.500603103637694,20.26569366455078,21.807939889660762,41.29356384277344,18.639668051369675,18.65832637774742,4.712067039052867,10.512201381019024,77.35048609972006,85
263,4.0,0.0,75,2019-08-05,19:20,R1,1.8367521352747567,238.4,0.11999999999999034,25.18775463104248,23.393565559387206,20.687633514404297,21.32864714552073,35.96587371826172,25.420054507471512,25.44550000747899,3.764483048512226,4.8923092884791055,72.40192019939417,86
264,6.0,250.0,100,2019-08-05,19:26,R1,1.9446393708039444,227.1,0.11000000000001364,23.559588050842287,22.46204032897949,20.0240478515625,24.46723849444995,39.01140213012695,24.931198435029657,24.956154589619274,4.378264746373796,6.625680490127023,101.9368629455567,86
267,8.0,500.0,25,2019-09-19,9:30,R1,3.5274390280246735,152.61,0.18000000000000682,24.109989356994628,23.18722801208496,20.691389083862305,24.740950580905466,42.064884185791016,16.646358981445008,16.663022003448454,6.50250002163298,8.65895566590629,26.848880171775818,87
268,6.0,500.0,25,2019-09-19,9:54,R6,3.9409638312925774,232.51,0.18999999999999773,25.065429306030275,23.15167007446289,19.4193058013916,25.93304006111722,39.13862991333008,28.66547401059802,28.6941681787768,6.457058816296714,6.54133411423444,24.09449052810669,88
269,12.0,500.0,25,2019-09-19,10:03,R6,3.25562913765181,201.51,0.17499999999999005,25.461077308654787,24.1137451171875,20.765260696411133,24.98148315373243,42.74078369140625,19.911690970804038,19.931622593397435,8.258692978636699,12.470057423099936,24.346115767955837,89
270,10.0,250.0,75,2019-09-19,10:10,R6,3.3029556598862992,221.4,0.1700000000000017,24.15631523132324,22.79007740020752,20.66008949279785,22.513303137381016,39.64754486083984,24.02990698202674,24.05396094296971,7.021505382699779,10.213289788805263,73.38664251565933,89
271,10.0,0.0,25,2019-09-19,10:22,R6,2.972483224516747,184.7,0.11000000000001364,25.52580814361572,24.437149810791016,22.256452560424805,20.106188621938504,36.91213607788086,18.339621740124098,18.357979719843943,7.569354835605841,10.415446906174624,23.69484257698059,90
272,4.0,250.0,50,2019-09-19,10:29,R6,4.198586572606656,428.29,0.1799999999999926,24.555970001220704,22.937819480895996,20.83913230895996,19.10963409456503,36.66563034057617,37.74356504428323,37.7813463906739,4.924530112456126,4.809102987427674,48.55335657298559,90
275,8.0,500.0,25,2019-10-24,9:05,R1,1.9909774450431192,149.4,0.18500000000000227,24.580259323120117,23.53016414642334,20.33205223083496,24.572057933807372,42.335243225097656,16.29581127478517,16.312123398183353,5.956923083800536,8.753452479489285,21.959931850433406,91
276,10.0,500.0,25,2019-10-24,9:32,R1,2.184782600057298,147.9,0.11999999999999034,23.382673072814942,22.761530685424805,19.78866195678711,25.914292340239218,42.07283401489258,15.392088308526983,15.407495804331313,6.59438015941746,10.44627019595753,22.542598009109497,91
277,10.0,500.0,25,2019-10-24,9:45,R1,3.5684848380811287,134.81,0.18999999999999773,25.487745475769042,24.47984504699707,19.352947235107425,26.06541047868426,41.18223571777344,15.531388644284283,15.546935579864146,7.071285470300206,10.521424002882183,24.289123665541467,92
278,10.0,500.0,25-50-100-25,2019-10-24,10:00,R7,4.066279070321904,186.39,0.12000000000000455,24.56661205291748,23.433130455017093,20.407175064086918,23.066611953383617,40.76874542236328,18.9225401818265,18.941481663489988,6.185784916795228,10.050013219924747,95.0418872237205,92
279,10.0,0.0,25-50-100-25,2019-10-24,10:10,R7,3.885606050491333,152.7,0.12999999999999545,23.559587478637695,22.85380687713623,20.23439216613769,23.00662368252164,40.41091537475586,15.468739772524698,15.484223996521218,6.574553578027657,9.857204144199043,92.55721426010138,92
