battery_chain,e_res_wh,label_source,extrapolated_wh,uses_estimate
1,42.816065915913015,measured,0.0,False
2,,none,,False
3,41.24299656085532,extrapolated,2.112878507157392,False
4,41.940830997639466,measured,0.0,False
5,,none,,False
6,,none,,False
7,6.606411292572642,measured,0.0,False
8,,none,,False
9,26.513906283786657,measured,0.0,False
10,,none,,False
11,11.716148825104042,measured,0.0,False
12,14.028411919549846,measured,0.0,False
13,27.66063874887893,measured,0.0,True
14,24.652886108850087,extrapolated,1.9108682917748463,False
15,25.53735478862335,measured,0.0,False
16,68.80592209945934,extrapolated,4.959966157780492,False
17,56.90564210559536,measured,0.0,False
18,65.60563175772762,extrapolated,0.9316537220201204,True
19,56.73632326525426,extrapolated,4.7874304536926715,False
20,46.240629381381595,extrapolated,2.5398984718505497,False
21,65.39710222587144,measured,0.0,False
22,68.47051439001613,measured,0.0,False
23,66.6732747833726,extrapolated,4.767344001994369,False
24,,none,,False
25,69.99382257230805,measured,0.0,False
26,46.645072981877696,measured,0.0,False
27,70.12946815900176,extrapolated,4.541829745697189,False
28,72.20596978294024,measured,0.0,False
29,,none,,False
30,,none,,False
31,69.53152540258958,extrapolated,7.5015223943107765,False
32,71.70626761064001,extrapolated,7.891933830528574,False
33,67.64021702452793,extrapolated,1.7420014788959153,False
34,,none,,False
35,65.11061995136633,extrapolated,7.6740706832036025,False
36,68.56885747765575,extrapolated,0.8218332234315855,False
37,,none,,False
38,55.395033687141044,measured,0.0,False
39,77.25004506935466,measured,0.0,False
40,69.72893576033783,measured,0.0,False
41,69.16329894144208,extrapolated,0.022319341756278678,False
42,71.72658959991865,extrapolated,5.418939623548504,False
43,64.13431907952072,measured,0.0,False
44,58.3824177661094,measured,0.0,False
45,66.30271867632604,extrapolated,7.3708140751442235,False
46,,none,,False
47,67.23882136924014,measured,0.0,False
48,,none,,False
49,65.82642733204784,measured,0.0,False
50,64.98228153803322,extrapolated,8.54458246630691,False
51,72.30193215869116,extrapolated,1.8771304053036788,False
52,,none,,False
53,47.132647461657456,extrapolated,9.014462008488803,False
54,42.41350564465798,extrapolated,4.0313059786338625,False
55,52.62529017969184,extrapolated,5.514301667653983,False
56,68.31416499393607,measured,0.0,False
57,56.87909514645896,extrapolated,8.093798750012331,False
58,70.64882040670759,extrapolated,5.542076206621973,False
59,,none,,False
60,69.67968547810513,extrapolated,9.372857680022564,False
61,,none,,False
62,,none,,False
63,,none,,False
64,,none,,False
65,,none,,False
66,,none,,False
67,,none,,False
68,62.204712153758116,extrapolated,9.569803292511937,False
69,67.10026224236043,measured,0.0,False
70,53.984688310726305,measured,0.0,False
71,65.60881248412223,measured,0.0,False
72,49.37380070821843,measured,0.0,False
73,61.89307682918943,extrapolated,4.606348156449746,False
74,,none,,False
75,,none,,False
76,21.85384180945741,measured,0.0,False
77,41.80573378115117,extrapolated,0.22212004117855105,False
78,,none,,False
79,72.49836405712884,measured,0.0,False
80,66.75350112277573,measured,0.0,False
81,,none,,False
82,65.50694486928339,measured,0.0,False
83,48.82769078631928,measured,0.0,False
84,,none,,False
85,,none,,False
86,52.97001169267989,extrapolated,9.036932126593353,False
87,,none,,False
88,,none,,False
89,23.569483361477474,extrapolated,8.17739505295049,False
90,,none,,False
