policy,approved_share,unsafe_approval_rate,wasted_refusal_rate,unsafe_share_of_approvals,pairs
"P1 minutes left, as in the brief (ratio >= 1)",0.29405,0.07639673154852854,0.043662825955124315,0.19554497534432919,all pairs
P2 energy point estimates (margin >= 0 Wh),0.24395,0.01488075466684382,0.05902567212451991,0.04591104734576758,all pairs
"P3 EnduroSense, tau = 0.9",0.197,0.0020593901547864214,0.20982413583990298,0.007868020304568528,all pairs
   P1 with margin matched to P3 tau = 0.9 (threshold 3.59),0.02545,0.0020593901547864214,0.9033757833030119,0.060903732809430254,all pairs
   P2 with margin matched to P3 tau = 0.9 (threshold 5.26),0.1956,0.0020593901547864214,0.21548413179704873,0.007924335378323108,all pairs
"P3 EnduroSense, tau = 0.95",0.17965,0.0005314555238158506,0.27531837477258947,0.002226551628165878,all pairs
   P1 with margin matched to P3 tau = 0.95 (threshold 4.25),0.0145,0.0005314555238158506,0.9429957550030321,0.027586206896551724,all pairs
   P2 with margin matched to P3 tau = 0.95 (threshold 7.85),0.17315,0.0005314555238158506,0.3015969274307661,0.002310135720473578,all pairs
"P3 EnduroSense, tau = 0.99",0.1562,0.0002657277619079253,0.3693147362037599,0.0012804097311139564,all pairs
   P1 with margin matched to P3 tau = 0.99 (threshold 4.66),0.0111,0.0002657277619079253,0.9559328886193653,0.018018018018018018,all pairs
   P2 with margin matched to P3 tau = 0.99 (threshold 8.79),0.16625,0.0002657277619079253,0.3286840509399636,0.0012030075187969924,all pairs
P4 oracle,0.24735,0.0,0.0,0.0,all pairs
"P1 minutes left, as in the brief (ratio >= 1)",0.6254736977326739,0.45744419916605344,0.18975050573162508,0.3830355309098378,borderline pairs
P2 energy point estimates (margin >= 0 Wh),0.4340676986318967,0.17157223448614178,0.2772757923128793,0.20701390944066292,borderline pairs
"P3 EnduroSense, tau = 0.9",0.1345622711799088,0.033235221976943834,0.754012137559002,0.12935560859188544,borderline pairs
   P1 with margin matched to P3 tau = 0.9 (threshold 2.11),0.04419037831588413,0.033235221976943834,0.9437626432906271,0.3938953488372093,borderline pairs
   P2 with margin matched to P3 tau = 0.9 (threshold 5.27),0.09178495728691631,0.033235221976943834,0.8438300741739717,0.18964310706787962,borderline pairs
"P3 EnduroSense, tau = 0.95",0.07540625602158135,0.014471425067451558,0.8575859743762644,0.10051107325383304,borderline pairs
   P1 with margin matched to P3 tau = 0.95 (threshold 2.54),0.022223649560023123,0.014471425067451558,0.9692515171948752,0.34104046242774566,borderline pairs
   P2 with margin matched to P3 tau = 0.95 (threshold 7.50),0.04502537092941101,0.01434878587196468,0.9212407282535401,0.16690442225392296,borderline pairs
"P3 EnduroSense, tau = 0.99",0.028004367653670755,0.005764042187883248,0.9475387727579231,0.10779816513761468,borderline pairs
   P1 with margin matched to P3 tau = 0.99 (threshold 4.17),0.007386473119660865,0.005764042187883248,0.9908293998651382,0.40869565217391307,borderline pairs
   P2 with margin matched to P3 tau = 0.99 (threshold 9.10),0.02774744684950864,0.005764042187883248,0.9480782198246797,0.1087962962962963,borderline pairs
P4 oracle,0.47626694071552444,0.0,0.0,0.0,borderline pairs
"P1 minutes left, as in the brief (ratio >= 1)",0.38675,0.06249030857497286,0.0243593353984793,0.10420168067226891,pre-flight states
P2 energy point estimates (margin >= 0 Wh),0.35255,0.024034734067297257,0.050830751900872995,0.043965394979435544,pre-flight states
"P3 EnduroSense, tau = 0.9",0.29085,0.0021708792060784617,0.18487749929597297,0.0048134777376654635,pre-flight states
   P1 with margin matched to P3 tau = 0.9 (threshold 1.32),0.26195,0.0021708792060784617,0.26626302450014083,0.0053445313991219694,pre-flight states
   P2 with margin matched to P3 tau = 0.9 (threshold 7.99),0.2663,0.0021708792060784617,0.25401295409743735,0.005257228689447991,pre-flight states
"P3 EnduroSense, tau = 0.95",0.2697,0.00015506280043417584,0.2407772458462405,0.0003707823507601038,pre-flight states
   P1 with margin matched to P3 tau = 0.95 (threshold 1.57),0.2029,0.00015506280043417584,0.4288932695015489,0.0004928536224741252,pre-flight states
   P2 with margin matched to P3 tau = 0.95 (threshold 12.08),0.2293,7.753140021708792e-05,0.3544072092368347,0.00021805494984736154,pre-flight states
"P3 EnduroSense, tau = 0.99",0.2378,0.0,0.3303294846522106,0.0,pre-flight states
   P1 with margin matched to P3 tau = 0.99 (threshold 1.57),0.20105,0.0,0.4338214587440158,0.0,pre-flight states
   P2 with margin matched to P3 tau = 0.99 (threshold 12.16),0.22855,0.0,0.35637848493382146,0.0,pre-flight states
P4 oracle,0.3551,0.0,0.0,0.0,pre-flight states
