policy,auc,approved_at_1pct_unsafe,ci_low_1,ci_high_1,approved_at_2pct_unsafe,ci_low_2,ci_high_2,approved_at_5pct_unsafe,ci_low_5,ci_high_5,pairs,n,feasible_share
P1 minutes left (brief),0.9784314678930214,0.43925611481706084,0.38573207481396893,0.4909673537886704,0.6316959773600161,0.5689276021190836,0.6866171783936019,0.8971093592076006,0.8648870609394838,0.9245673006927678,all pairs,20000,0.24735
"P2 energy, point estimates",0.9968788939547887,0.9118657772387305,0.8698829591854014,0.9490691644276943,0.9579543157469174,0.9324312331812332,0.9735103130869092,0.9902971497877502,0.9851938860142055,0.9944273376334359,all pairs,20000,0.24735
P3 EnduroSense P(success),0.9970442956549816,0.9114614918132201,0.8665098876241862,0.9483863329727239,0.9603800282999798,0.9268193157783614,0.976240789477072,0.9927228623408126,0.9868285802179565,0.996873808484539,all pairs,20000,0.24735
P4 oracle,1.0,1.0,1.0,1.0,1.0,1.0,1.0,1.0,1.0,1.0,all pairs,20000,0.24735
P1 minutes left (brief),0.7221150059599506,0.018341200269723534,0.012248965430394144,0.02769782487374212,0.03857046527309508,0.03170319588805648,0.04665736361528821,0.07120701281186784,0.060131220135027856,0.08310213178164494,borderline pairs,15569,0.47626694071552444
"P2 energy, point estimates",0.8380209292098116,0.06325016857720836,0.04273917410064674,0.11314831174865586,0.09602157788267027,0.07354777170197191,0.2846559368466582,0.27592717464598787,0.17010735825073073,0.5323724315451285,borderline pairs,15569,0.47626694071552444
P3 EnduroSense P(success),0.8478583954757631,0.09575185434929198,0.049206292655563845,0.2356087574543715,0.1832771409305462,0.10379891801231333,0.3299965667819483,0.33135536075522587,0.24002881062991208,0.5185205173756811,borderline pairs,15569,0.47626694071552444
P4 oracle,1.0,1.0,1.0,1.0,1.0,1.0,1.0,1.0,1.0,1.0,borderline pairs,15569,0.47626694071552444
P1 minutes left (brief),0.992654363795146,0.8408898901717826,0.7917684950539218,0.8789658053101742,0.9000281610813855,0.869446198564171,0.9222364086721748,0.9612785130949029,0.9405331799847171,0.9754788001534351,pre-flight states,20000,0.3551
"P2 energy, point estimates",0.995197681926852,0.8597578147000845,0.8073400453968945,0.9247720794159899,0.930723739791608,0.8802834671398039,0.9657226970751569,0.9814136862855534,0.9678823325467792,0.9921657787551917,pre-flight states,20000,0.3551
P3 EnduroSense P(success),0.9957473994230406,0.8815826527738665,0.8561926060994413,0.9327922326985879,0.934103069557871,0.9036573384284804,0.9660164744232401,0.9816952970994086,0.965725489531234,0.9912274609245735,pre-flight states,20000,0.3551
P4 oracle,1.0,1.0,1.0,1.0,1.0,1.0,1.0,1.0,1.0,1.0,pre-flight states,20000,0.3551
