band,pairs,mean_predicted,observed_success,observed_by_chain
"(-0.001, 0.05]",13984,0.0013249289547483925,0.001072654462242563,0.000766939867685776
"(0.05, 0.2]",632,0.11137746196431969,0.11708860759493671,0.10685502875980116
"(0.2, 0.4]",350,0.2956068957104005,0.3314285714285714,0.28481956642389494
"(0.4, 0.6]",312,0.4998851055781711,0.6089743589743589,0.5712695054713931
"(0.6, 0.8]",405,0.7072885473927705,0.7604938271604939,0.6919903013884886
"(0.8, 0.9]",377,0.8576466065531388,0.8885941644562334,0.8581676224876876
"(0.9, 0.95]",347,0.9256049245840947,0.9337175792507204,0.918772119240106
"(0.95, 0.99]",469,0.9739347163049337,0.9914712153518124,0.9892917738575218
"(0.99, 1.0]",3124,0.999413370163187,0.998719590268886,0.9980868673227863
