by,rows,coverage,width,truth_below_range,subgroup
4.0,33,0.9090909090909091,2.7702146453166723,0.09090909090909091,speed
6.0,31,0.967741935483871,2.143261577570844,0.03225806451612903,speed
8.0,28,0.9285714285714286,1.9719696843122563,0.0,speed
10.0,31,0.9354838709677419,1.773838866802915,0.06451612903225806,speed
12.0,30,0.8333333333333334,1.791759481273421,0.03333333333333333,speed
0.0,52,0.9038461538461539,2.0274668523467017,0.07692307692307693,payload
250.0,49,0.8979591836734694,2.0575122678432605,0.061224489795918366,payload
500.0,51,0.9411764705882353,2.21186497244445,0.0,payload
750.0,1,1.0,2.763641628967317,0.0,payload
25.0,44,0.9545454545454546,2.1383527330839027,0.045454545454545456,altitude
50.0,39,0.9230769230769231,2.1113755794620674,0.05128205128205128,altitude
75.0,36,0.9444444444444444,2.0601160356221326,0.0,altitude
100.0,34,0.8235294117647058,2.094699633319806,0.08823529411764706,altitude
