level,q_hat_sigmas,normal_would_be
0.01,-2.934418130863206,-2.3263478740408408
0.025,-2.435719931712393,-1.9599639845400545
0.05,-2.0817398873987396,-1.6448536269514729
0.1,-1.5053856993622088,-1.2815515655446004
0.15,-1.0967544969345193,-1.0364333894937898
0.2,-0.8805822471142386,-0.8416212335729142
0.25,-0.7246277836890798,-0.6744897501960817
0.3,-0.5786940904283505,-0.5244005127080409
0.35,-0.435729713338733,-0.38532046640756773
0.4,-0.3147784436429207,-0.2533471031357997
0.45,-0.19292643865156142,-0.12566134685507402
0.5,-0.0845002950918713,0.0
0.55,0.01698875851884353,0.12566134685507416
0.6,0.11559274902413492,0.2533471031357997
0.65,0.21109644640317432,0.38532046640756773
0.7,0.324387155538164,0.5244005127080407
0.75,0.45241406029801684,0.6744897501960817
0.8,0.6048839788598314,0.8416212335729143
0.85,0.7853373226486663,1.0364333894937898
0.9,1.0591834434759735,1.2815515655446004
0.95,1.425803912726991,1.6448536269514722
0.975,1.8219320630704858,1.959963984540054
0.99,2.290005374875072,2.3263478740408408
