by,rows,coverage,width,truth_below_range
1,473,0.5792811839323467,10.786626937911896,0.0
4,414,1.0,14.34018402859936,0.0
7,107,1.0,23.750858025224204,0.0
9,266,0.07894736842105263,11.588948586190899,0.9210526315789473
11,141,0.8865248226950354,19.209152064535044,0.11347517730496454
12,128,0.9140625,13.778318919410694,0.0859375
15,244,1.0,19.59518574546232,0.0
16,660,0.9924242424242424,12.606944546010293,0.0
17,541,1.0,12.928653959236467,0.0
18,638,1.0,12.35907828681154,0.0
19,457,0.387308533916849,10.118292659541579,0.612691466083151
20,354,1.0,13.475630418297166,0.0
21,562,1.0,10.319854951986311,0.0
22,570,1.0,9.347188168000043,0.0
25,612,0.8970588235294118,11.032273964003574,0.0
27,583,1.0,8.87274678257948,0.0
28,824,0.9344660194174758,11.451722248394546,0.0
31,541,1.0,10.727825991246506,0.0
33,559,0.9803220035778175,8.651463853684946,0.01967799642218247
35,536,1.0,9.617795258983227,0.0
39,954,0.1540880503144654,7.6932141271671135,0.0
41,555,1.0,8.809979983843904,0.0
42,538,1.0,9.566676963648245,0.0
43,562,0.6067615658362989,12.055114703737901,0.0
44,606,0.8762376237623762,12.596650048900504,0.12376237623762376
49,524,1.0,8.639866913157334,0.0
50,493,1.0,9.63320400859287,0.0
51,610,1.0,9.901297939424394,0.0
53,345,1.0,13.565564196094158,0.0
54,353,0.9320113314447592,16.17966733514445,0.0
55,423,0.9929078014184397,13.4336173839754,0.0
56,767,1.0,10.203594064711387,0.0
57,430,0.4906976744186046,12.568208613545353,0.5093023255813953
58,593,1.0,9.552732933462007,0.0
60,551,1.0,9.223898281523681,0.0
69,580,1.0,7.901359629283286,0.0
71,617,1.0,10.331739628973166,0.0
72,488,0.9959016393442623,13.267527306678874,0.004098360655737705
73,502,0.9880478087649402,11.53479653709883,0.0
76,243,0.3004115226337449,12.610730880262063,0.0
77,393,1.0,17.11876105784467,0.0
79,691,1.0,9.700439600901422,0.0
80,716,0.9832402234636871,8.85906977167729,0.0
82,611,1.0,12.965972577296302,0.0
83,467,1.0,16.746901388226917,0.0
89,148,1.0,16.038142200942172,0.0
