test,held_out,model,flights,mae_wh,mape_pct,bias_wh
unseen speed,4,Physics,33,1.490347215229776,5.749086099623262,1.490347215229776
unseen speed,4,Linear Regression,33,0.8291017403657768,3.0950216082621598,-0.28676430350500903
unseen speed,4,Random Forest,33,0.7894615750232724,3.0593758680157515,0.43986951707552785
unseen speed,4,XGBoost,33,0.7214194927421445,2.782304811037421,0.5038370714740904
unseen speed,4,Physics + XGBoost,33,1.3165743664770455,5.065454712309509,1.2962681382630696
unseen speed,4,Best component each,33,0.7107130611624881,2.6965134971638385,-0.32527245993228904
unseen speed,4,Physics-first,33,1.2689010332736255,4.861319354191024,1.2487316576627165
unseen speed,6,Physics,31,0.5192501957014394,2.353550895260402,-0.22317621345285496
unseen speed,6,Linear Regression,31,0.48863358834227144,2.236705674489631,-0.07112856911016405
unseen speed,6,Random Forest,31,0.764800746159529,3.385014201601776,-0.38550536763403304
unseen speed,6,XGBoost,31,0.6413379648955863,2.8403134166352557,-0.4463236669918928
unseen speed,6,Physics + XGBoost,31,0.6542339803892672,2.9661909235116735,-0.5184452417496394
unseen speed,6,Best component each,31,0.4340689641244831,2.049250266383475,-0.03201982443346024
unseen speed,6,Physics-first,31,0.6326143715902798,2.879670818686079,-0.49546617867760784
unseen speed,8,Physics,28,0.442802178217338,2.182321815508486,-0.2713865729642861
unseen speed,8,Linear Regression,28,0.5380242794783832,2.7735232792077404,0.27083152989745857
unseen speed,8,Random Forest,28,0.5083718463843713,2.5362959226967834,-0.12899914234780072
unseen speed,8,XGBoost,28,0.3814941507004995,1.9336927154632997,-0.1727302381916125
unseen speed,8,Physics + XGBoost,28,0.38180993773020605,1.9566006020897186,-0.09142913061889812
unseen speed,8,Best component each,28,0.41603806618844547,2.224877148233594,0.2682742896252165
unseen speed,8,Physics-first,28,0.3817297511725161,1.9581216863959343,-0.07751745198018975
unseen speed,10,Physics,31,0.42586065976755794,2.372582268302057,-0.14676110973056852
unseen speed,10,Linear Regression,31,0.4141031589781715,2.3920348039837234,0.2662082511248031
unseen speed,10,Random Forest,31,0.5677416813765198,3.086477749378271,-0.3489616779439482
unseen speed,10,XGBoost,31,0.5538857513451879,3.0813003702177526,-0.4995902559141387
unseen speed,10,Physics + XGBoost,31,0.31941330683662267,1.8726202530586131,-0.00902113918722345
unseen speed,10,Best component each,31,0.3342872277874083,2.0003489104179306,0.22479557595152522
unseen speed,10,Physics-first,31,0.3097742486831173,1.828360045970412,0.04876426528331545
unseen speed,12,Physics,30,0.6637158258806846,3.6063303774443014,0.261409882714173
unseen speed,12,Linear Regression,30,0.9647383607953867,5.041161101049536,-0.8185627604931673
unseen speed,12,Random Forest,30,1.2181392172650398,5.9593139172095295,-1.2181392172650398
unseen speed,12,XGBoost,30,1.099868112304233,5.720536991437107,-1.0586220480798072
unseen speed,12,Physics + XGBoost,30,0.6330977481855794,3.3895423914448624,0.20251148210829265
unseen speed,12,Best component each,30,0.8071046884706053,4.212193792848961,-0.7353791646584357
unseen speed,12,Physics-first,30,0.6231750520778334,3.2990619714507536,0.2132348140087615
unseen payload,0,Physics,52,0.829812223998077,4.2099188443258395,0.7429052939986077
unseen payload,0,Linear Regression,52,0.718485020888199,3.7162805913702073,0.19707002813535685
unseen payload,0,Random Forest,52,2.336404271440485,12.220560035898071,2.336404271440485
unseen payload,0,XGBoost,52,2.009872008568895,10.27088479271378,2.009872008568895
unseen payload,0,Physics + XGBoost,52,0.7515934192036511,3.8786507588121633,0.5536759753102323
unseen payload,0,Best component each,52,0.5859035618976753,3.0855573966330048,0.22916504458583345
unseen payload,0,Physics-first,52,0.7553070319533569,3.876146835269592,0.5995914706951108
unseen payload,250,Physics,49,0.5222783735034053,2.4463646215378905,0.07440850138795051
unseen payload,250,Linear Regression,49,0.5028975820305771,2.403269445349801,0.018024313683313604
unseen payload,250,Random Forest,49,1.4829727097556056,6.9092095085832055,-1.4642891893643841
unseen payload,250,XGBoost,49,1.8013319839142607,8.664302203615756,-1.8013319839142607
unseen payload,250,Physics + XGBoost,49,0.4918772833017251,2.3246014762314697,-0.17231261092101682
unseen payload,250,Best component each,49,0.47343690392107124,2.274205405360457,-0.038074770305967925
unseen payload,250,Physics-first,49,0.475060808250304,2.2611163528587057,-0.1948421511457589
unseen payload,500,Physics,51,0.8853729759938564,3.764806049267338,-0.8662441603478374
unseen payload,500,Linear Regression,51,0.9431529757672641,3.903192707662283,-0.6996552611268302
unseen payload,500,Random Forest,51,2.2874604837282555,9.52862169492676,-2.2874604837282555
unseen payload,500,XGBoost,51,2.1286344301115547,9.039154758088502,-2.1286344301115547
unseen payload,500,Physics + XGBoost,51,0.7198406268222758,3.0878739647834066,-0.6934729635701341
unseen payload,500,Best component each,51,0.5178226516381869,2.184614874416255,-0.4160379908481719
unseen payload,500,Physics-first,51,0.7103337220501881,3.063433590090036,-0.685517963998468
unseen altitude,25,Physics,44,0.5513362605878862,3.1605855224632564,0.4447247675601309
unseen altitude,25,Linear Regression,44,0.7740376858837,4.549607550703456,0.44194846938866145
unseen altitude,25,Random Forest,44,3.077792159700883,18.598279598297278,3.077792159700883
unseen altitude,25,XGBoost,44,2.9422741927680183,17.68299784708344,2.9422741927680183
unseen altitude,25,Physics + XGBoost,44,0.5024318969946624,2.9103829874806197,0.3499175408732161
unseen altitude,25,Best component each,44,0.5316271749273124,3.1631251621330696,0.34919904203173235
unseen altitude,25,Physics-first,44,0.4850304051583966,2.8280972082895883,0.33794883978355783
unseen altitude,50,Physics,39,0.6293360726814382,3.017830964483823,0.008771892171489607
unseen altitude,50,Linear Regression,39,0.4193628165910682,1.9912163109437702,-0.14893402313882412
unseen altitude,50,Random Forest,39,2.5502014170694514,12.64710887937067,-2.5502014170694514
unseen altitude,50,XGBoost,39,2.8508617986383795,14.336615199367586,-2.8508617986383795
unseen altitude,50,Physics + XGBoost,39,0.5838493941415601,2.835546703650137,-0.11018573979362568
unseen altitude,50,Best component each,39,0.5028522729474447,2.388030632052035,-0.17766795555741302
unseen altitude,50,Physics-first,39,0.541577095533699,2.6144075231076256,-0.13133566738266508
unseen altitude,75,Physics,36,0.6134186081333854,2.7076721773200174,-0.27303033549027855
unseen altitude,75,Linear Regression,36,0.6264420026633002,2.78570649508967,-0.27705680201405664
unseen altitude,75,Random Forest,36,2.7759964056823083,12.422395265579153,-2.7759964056823083
unseen altitude,75,XGBoost,36,2.7467349514451183,12.36425145890417,-2.7467349514451183
unseen altitude,75,Physics + XGBoost,36,0.47007778716747317,2.1458141135082247,-0.1164389392154433
unseen altitude,75,Best component each,36,0.505524906296941,2.3125837944861187,-0.10329347992891957
unseen altitude,75,Physics-first,36,0.450731275151061,2.0696763909187914,-0.06595981561375336
unseen altitude,100,Physics,34,0.6130401144270496,2.4957111468701516,0.2974302787551906
unseen altitude,100,Linear Regression,34,1.0283586742091502,4.203180030271845,0.33289925824627364
unseen altitude,100,Random Forest,34,2.816572677091217,11.16852295941318,-2.816572677091217
unseen altitude,100,XGBoost,34,2.6458522625688174,10.53645310665299,-2.6458522625688174
unseen altitude,100,Physics + XGBoost,34,0.554110513949474,2.251066489369923,0.19167704725773593
unseen altitude,100,Best component each,34,0.5677205517035988,2.3136739861580025,0.27342738416549783
unseen altitude,100,Physics-first,34,0.5477678432147359,2.238338807601055,0.210154821195297
unseen day,2019-04-07,Physics,4,1.9046300745131646,8.531197558352844,1.9046300745131646
unseen day,2019-04-07,Linear Regression,4,0.9153445136672111,3.9526481628703225,0.9063552103565637
unseen day,2019-04-07,Random Forest,4,1.4293957924659404,7.002308357908774,1.4293957924659404
unseen day,2019-04-07,XGBoost,4,1.1154169430136713,5.178414161790233,1.1154169430136713
unseen day,2019-04-07,Physics + XGBoost,4,1.6308287473139194,7.36103105744384,1.6308287473139194
unseen day,2019-04-07,Best component each,4,1.2573196858165154,5.682515766793745,1.2573196858165154
unseen day,2019-04-07,Physics-first,4,1.5240877684182328,6.84313133353592,1.5240877684182328
unseen day,2019-05-06,Physics,11,0.37298899731506663,2.2156968125533383,0.14075052574354158
unseen day,2019-05-06,Linear Regression,11,0.5444240769672497,3.031189122373421,-0.26831318526434733
unseen day,2019-05-06,Random Forest,11,0.4840759436175819,3.0586143731348026,0.29440480147671927
unseen day,2019-05-06,XGBoost,11,0.32084030118678925,1.7888597317080133,-0.016483244739818822
unseen day,2019-05-06,Physics + XGBoost,11,0.3419794235212779,2.0341637112484134,-0.051135184152531175
unseen day,2019-05-06,Best component each,11,0.4479169612988365,2.6063750359286644,-0.16655289189915737
unseen day,2019-05-06,Physics-first,11,0.3585166205401668,2.1381812151850665,-0.044205076224396
unseen day,2019-06-05,Physics,3,0.4048725001751639,2.135696884460139,-0.045777316684021706
unseen day,2019-06-05,Linear Regression,3,0.3074535878415337,1.5035060930278514,-0.17284533472470778
unseen day,2019-06-05,Random Forest,3,0.5723679759483661,2.731657820885462,-0.4716244252140112
unseen day,2019-06-05,XGBoost,3,0.4604873301530669,2.3004620783346086,-0.22984959885293202
unseen day,2019-06-05,Physics + XGBoost,3,0.49361668140434745,2.462725072416777,-0.19117931995311702
unseen day,2019-06-05,Best component each,3,0.3283599085544691,1.5819402288635538,-0.16787381792723602
unseen day,2019-06-05,Physics-first,3,0.44092815758778175,2.1911093960072128,-0.11740095359354541
unseen day,2019-06-11,Physics,13,0.6532087576895081,2.9875803166585038,0.5404696743791612
unseen day,2019-06-11,Linear Regression,13,1.0283726305540015,4.935338447536616,0.6917818724469599
unseen day,2019-06-11,Random Forest,13,0.7654024418313059,3.8063269232985966,0.5882673356385238
unseen day,2019-06-11,XGBoost,13,0.6861936419221959,3.225931266938436,0.40923379799168697
unseen day,2019-06-11,Physics + XGBoost,13,0.6139644357343454,2.957165449166626,0.3591607710305888
unseen day,2019-06-11,Best component each,13,0.6666792286165303,3.3062505545767826,0.34843805605613376
unseen day,2019-06-11,Physics-first,13,0.6026378353155537,2.881334720752434,0.37978861976294565
unseen day,2019-06-19,Physics,12,0.5154758932776486,2.1917963287853017,-0.4368082135469858
unseen day,2019-06-19,Linear Regression,12,0.7474880606668398,2.923114317760632,-0.6515067971803425
unseen day,2019-06-19,Random Forest,12,0.9819194963026074,3.7782749900388706,-0.9819194963026074
unseen day,2019-06-19,XGBoost,12,0.47278594795551215,1.8027043558627955,-0.3507228984373536
unseen day,2019-06-19,Physics + XGBoost,12,0.29167165537244016,1.1523907627089265,-0.2322539418854618
unseen day,2019-06-19,Best component each,12,0.3778977156388737,1.422423266672719,-0.34405082159479833
unseen day,2019-06-19,Physics-first,12,0.30020423545725655,1.1923186477383096,-0.189085790056691
unseen day,2019-06-24,Physics,10,0.6078070797017755,2.909620179516458,-0.005861555764473891
unseen day,2019-06-24,Linear Regression,10,0.46579540629089883,2.451117794470162,-0.08958108095970622
unseen day,2019-06-24,Random Forest,10,0.37249921580428413,1.855000025415832,0.15454112130580988
unseen day,2019-06-24,XGBoost,10,0.41886033546075757,2.1078044517847774,-0.05853717240901517
unseen day,2019-06-24,Physics + XGBoost,10,0.4373739648055771,2.2935735948913343,-0.0515484487556467
unseen day,2019-06-24,Best component each,10,0.3223179790199929,1.7625555930235821,-0.00791718960239649
unseen day,2019-06-24,Physics-first,10,0.39475391739090177,2.0785711518446224,-0.01784549489734566
unseen day,2019-06-25,Physics,10,0.8959001242315517,4.110694122774815,-0.36151725055109496
unseen day,2019-06-25,Linear Regression,10,0.8994314493962234,4.179681598713343,-0.1723964744490031
unseen day,2019-06-25,Random Forest,10,1.0684018902264605,5.166905414535189,-0.2419258176918376
unseen day,2019-06-25,XGBoost,10,0.8508671446184751,3.9961406893244935,-0.3935036716736887
unseen day,2019-06-25,Physics + XGBoost,10,0.7728956411222045,3.650287175676212,-0.4478972903680683
unseen day,2019-06-25,Best component each,10,0.8304653123526995,3.930316825390657,-0.2104338982231356
unseen day,2019-06-25,Physics-first,10,0.8293659672701781,3.8865928666534577,-0.4025740870502473
unseen day,2019-06-29,Physics,5,0.6124704694868797,2.9643404867053738,-0.609519573455664
unseen day,2019-06-29,Linear Regression,5,0.7932719708121858,3.6407593058446612,-0.7932719708121858
unseen day,2019-06-29,Random Forest,5,0.530929812730782,2.5482578060709424,-0.530929812730782
unseen day,2019-06-29,XGBoost,5,0.6171221084251861,2.911352193399823,-0.5530816626415792
unseen day,2019-06-29,Physics + XGBoost,5,0.7931541484866613,3.779844635538004,-0.7562818960149869
unseen day,2019-06-29,Best component each,5,0.9315638655408136,4.337446561132933,-0.9315638655408136
unseen day,2019-06-29,Physics-first,5,0.803652718578683,3.8416563416023077,-0.7772200438057162
unseen day,2019-07-01,Physics,4,0.6853784506748828,3.1613029733539064,0.077721949080511
unseen day,2019-07-01,Linear Regression,4,0.38851027462560195,1.5853092499440617,-0.31821663073061357
unseen day,2019-07-01,Random Forest,4,0.6544229246475193,3.26351165539176,0.06031624298964244
unseen day,2019-07-01,XGBoost,4,0.3617410097244398,1.5173162095203605,0.024910773951570153
unseen day,2019-07-01,Physics + XGBoost,4,0.4642311320908532,1.9955128219571183,0.15694169892452825
unseen day,2019-07-01,Best component each,4,0.2907020606393238,1.3959889905103269,-0.017278007708166232
unseen day,2019-07-01,Physics-first,4,0.4433920887800098,1.8700895536998063,0.14885933202680368
unseen day,2019-07-03,Physics,12,0.5356433061908996,2.412764309723187,-0.18148830422397358
unseen day,2019-07-03,Linear Regression,12,0.8004911505691886,3.6172015216176403,-0.17533457554489976
unseen day,2019-07-03,Random Forest,12,0.7415020445118389,3.3104712562063523,-0.24113065609943382
unseen day,2019-07-03,XGBoost,12,0.5890998613831119,2.699574869514919,-0.1530604860094439
unseen day,2019-07-03,Physics + XGBoost,12,0.5614209885608549,2.5456060555195728,-0.20859270048868309
unseen day,2019-07-03,Best component each,12,0.6524828521461794,2.9567792843364766,-0.1962517843571249
unseen day,2019-07-03,Physics-first,12,0.566160218063645,2.5802850471078287,-0.18414752339398266
unseen day,2019-07-09,Physics,3,0.3875539095343381,2.4038061102905695,-0.010845922595250931
unseen day,2019-07-09,Linear Regression,3,0.6278090277791121,3.8420158700484706,-0.6278090277791121
unseen day,2019-07-09,Random Forest,3,0.41518217117238204,2.5257928450149434,0.10879973918870611
unseen day,2019-07-09,XGBoost,3,0.4935015717142323,2.6216038045890717,-0.3894944925388077
unseen day,2019-07-09,Physics + XGBoost,3,0.3740352602991237,1.982187694379472,-0.2786070486141388
unseen day,2019-07-09,Best component each,3,0.3506926494141733,1.985650437771485,-0.3506926494141733
unseen day,2019-07-09,Physics-first,3,0.3097563944451783,1.6271193126947363,-0.2706917007995789
unseen day,2019-07-10,Physics,11,0.40636969408749446,2.0430574682422877,-0.3552377218817746
unseen day,2019-07-10,Linear Regression,11,0.43289345133127016,2.08172777581267,-0.19880323514231676
unseen day,2019-07-10,Random Forest,11,0.6518646463955697,2.9435889565753017,-0.5084305925934413
unseen day,2019-07-10,XGBoost,11,0.5154475421763657,2.402738371594522,-0.35977498818775655
unseen day,2019-07-10,Physics + XGBoost,11,0.3857795652107636,1.9458558933728447,-0.3188181312500293
unseen day,2019-07-10,Best component each,11,0.3185176365786246,1.6303003124775228,-0.18434047756507124
unseen day,2019-07-10,Physics-first,11,0.36456581805223576,1.8395808713973838,-0.26140308365305853
unseen day,2019-07-15,Physics,20,0.5678708534862287,2.6269404193669037,0.40421452201363756
unseen day,2019-07-15,Linear Regression,20,0.4105368015916893,1.9861751098499996,0.2024273063649428
unseen day,2019-07-15,Random Forest,20,0.6075603777490396,2.909092777205338,0.1268623967738786
unseen day,2019-07-15,XGBoost,20,0.4911718258656831,2.3258388758304256,0.14551571482157746
unseen day,2019-07-15,Physics + XGBoost,20,0.4668041759095887,2.257099937163516,0.19579728349787667
unseen day,2019-07-15,Best component each,20,0.386733118952207,1.8468089867556776,0.07166904395628153
unseen day,2019-07-15,Physics-first,20,0.45074573301079557,2.205654705037012,0.1841418252778288
unseen day,2019-07-24,Physics,13,0.5820577099869008,2.467721269149904,-0.04662682927048282
unseen day,2019-07-24,Linear Regression,13,0.5353338209892258,2.3117487602653592,-0.03691700401048269
unseen day,2019-07-24,Random Forest,13,0.5667848031293489,2.386513924888236,-0.23205574154043737
unseen day,2019-07-24,XGBoost,13,0.5155698960323012,2.22866431416451,-0.04459135451421403
unseen day,2019-07-24,Physics + XGBoost,13,0.4113694017862513,1.740513385846016,-0.10613636190216966
unseen day,2019-07-24,Best component each,13,0.4075633843780253,1.7789314833215615,-0.000313024102626996
unseen day,2019-07-24,Physics-first,13,0.3967700909073005,1.7185331132433896,-0.05187046926757155
unseen day,2019-08-05,Physics,18,0.4995623961220319,2.2561595714907194,-0.11140363129777835
unseen day,2019-08-05,Linear Regression,18,0.32157482201717147,1.4022300400637475,0.02645999568283101
unseen day,2019-08-05,Random Forest,18,0.43992402067607284,1.9469404711360654,0.033749537664025255
unseen day,2019-08-05,XGBoost,18,0.395528624375823,1.8346353376838174,-0.07202901868430416
unseen day,2019-08-05,Physics + XGBoost,18,0.39272947573227224,1.879535844392178,-0.18548488047013845
unseen day,2019-08-05,Best component each,18,0.2963888258462768,1.3492063423659086,-0.09190036841220699
unseen day,2019-08-05,Physics-first,18,0.3770894535185463,1.7978496526543302,-0.1532380401996436
unseen day,2019-09-19,Physics,1,0.06143555271431467,0.36906300520608903,0.06143555271431467
unseen day,2019-09-19,Linear Regression,1,1.05464060829323,6.3355632872557495,1.05464060829323
unseen day,2019-09-19,Random Forest,1,0.6684540650469479,4.0156172637634775,0.6684540650469479
unseen day,2019-09-19,XGBoost,1,0.6062179250573152,3.6417448748584635,0.6062179250573152
unseen day,2019-09-19,Physics + XGBoost,1,0.46041820061028105,2.7658793200572553,0.46041820061028105
unseen day,2019-09-19,Best component each,1,0.6631389767576827,3.983687829253566,0.6631389767576827
unseen day,2019-09-19,Physics-first,1,0.38219170135080915,2.2959477311334093,0.38219170135080915
unseen day,2019-10-24,Physics,3,0.16768985130618455,1.046406816640811,0.13140807969886245
unseen day,2019-10-24,Linear Regression,3,1.0565181949774434,6.687445822749005,1.0565181949774434
unseen day,2019-10-24,Random Forest,3,0.5269704636958347,3.3197510447336183,0.5269704636958347
unseen day,2019-10-24,XGBoost,3,0.49137513405732314,3.071576169777045,0.49137513405732314
unseen day,2019-10-24,Physics + XGBoost,3,0.2081818986803127,1.3069562323590829,0.2081818986803127
unseen day,2019-10-24,Best component each,3,0.4032329874614285,2.540901427465607,0.4032329874614285
unseen day,2019-10-24,Physics-first,3,0.1523666961858504,0.9541267966759778,0.1523666961858504
R5 route = day 1 (4 flights),R5 (~505 m),Physics,4,1.9046300745131646,8.531197558352844,1.9046300745131646
R5 route = day 1 (4 flights),R5 (~505 m),Linear Regression,4,0.9153445136672111,3.9526481628703225,0.9063552103565637
R5 route = day 1 (4 flights),R5 (~505 m),Random Forest,4,1.4293957924659422,7.00230835790878,1.4293957924659422
R5 route = day 1 (4 flights),R5 (~505 m),XGBoost,4,1.1154169430136713,5.178414161790233,1.1154169430136713
R5 route = day 1 (4 flights),R5 (~505 m),Physics + XGBoost,4,1.6308287473139194,7.36103105744384,1.6308287473139194
R5 route = day 1 (4 flights),R5 (~505 m),Best component each,4,1.2573196858165154,5.682515766793745,1.2573196858165154
R5 route = day 1 (4 flights),R5 (~505 m),Physics-first,4,1.5240877684182328,6.84313133353592,1.5240877684182328
