model,setting,value,flights,bias_wh
Physics,speed,4.0,33,0.6684417229031973
Physics,speed,6.0,31,-0.17089161189600333
Physics,speed,8.0,28,-0.23748925804701385
Physics,speed,10.0,31,-0.11821760028437478
Physics,speed,12.0,30,-0.11373635924512945
Physics,payload,0.0,52,0.3606966975776342
Physics,payload,250.0,49,0.07338162747427605
Physics,payload,500.0,51,-0.40313835477248666
Linear Regression,speed,4.0,33,-0.01280978056136206
Linear Regression,speed,6.0,31,-0.0678744052946911
Linear Regression,speed,8.0,28,0.18378712793119348
Linear Regression,speed,10.0,31,0.1933642846643906
Linear Regression,speed,12.0,30,-0.49052872866767316
Linear Regression,payload,0.0,52,0.13858648656711234
Linear Regression,payload,250.0,49,0.027363010076716328
Linear Regression,payload,500.0,51,-0.31876819609830237
Random Forest,speed,4.0,33,0.056288437158297344
Random Forest,speed,6.0,31,0.06076129183394875
Random Forest,speed,8.0,28,0.21526496208622298
Random Forest,speed,10.0,31,0.12929171272749626
Random Forest,speed,12.0,30,-0.5023803728825462
Random Forest,payload,0.0,52,0.6754859777767473
Random Forest,payload,250.0,49,-0.023825833294774636
Random Forest,payload,500.0,51,-0.6769887073344041
XGBoost,speed,4.0,33,0.13268810599695202
XGBoost,speed,6.0,31,-0.03096573638362443
XGBoost,speed,8.0,28,0.12689235733134221
XGBoost,speed,10.0,31,0.022727034453383463
XGBoost,speed,12.0,30,-0.24882886614838196
XGBoost,payload,0.0,52,0.1962162115714358
XGBoost,payload,250.0,49,0.0733588407609058
XGBoost,payload,500.0,51,-0.2539726150943737
Physics + XGBoost,speed,4.0,33,0.15559191823429147
Physics + XGBoost,speed,6.0,31,-0.06786903632666459
Physics + XGBoost,speed,8.0,28,-0.018336081892011462
Physics + XGBoost,speed,10.0,31,-0.025934051942813494
Physics + XGBoost,speed,12.0,30,-0.22851343611187053
Physics + XGBoost,payload,0.0,52,0.1288869702728863
Physics + XGBoost,payload,250.0,49,0.04000161637686381
Physics + XGBoost,payload,500.0,51,-0.29010423646508743
Best component each,speed,4.0,33,-0.06561311556853554
Best component each,speed,6.0,31,-0.030931802765856848
Best component each,speed,8.0,28,0.16039301838161693
Best component each,speed,10.0,31,0.15480869388497462
Best component each,speed,12.0,30,-0.4406833193053315
Best component each,payload,0.0,52,0.13701162770194555
Best component each,payload,250.0,49,-0.027589178246688727
Best component each,payload,500.0,51,-0.2670746743299661
Physics-first,speed,4.0,33,0.14483146422839105
Physics-first,speed,6.0,31,-0.04097626896564482
Physics-first,speed,8.0,28,-0.009360950641925088
Physics-first,speed,10.0,31,0.0033529848171155773
Physics-first,speed,12.0,30,-0.230952002216069
Physics-first,payload,0.0,52,0.15674334163389636
Physics-first,payload,250.0,49,0.023666763889226207
Physics-first,payload,500.0,51,-0.27149711127666254
Average flight (naive),speed,4.0,33,-5.586958042440002
Average flight (naive),speed,6.0,31,-0.9645604973170719
Average flight (naive),speed,8.0,28,1.8435160667976693
Average flight (naive),speed,10.0,31,2.9558450860868226
Average flight (naive),speed,12.0,30,2.370551403907899
Average flight (naive),payload,0.0,52,1.8005849679344545
Average flight (naive),payload,250.0,49,0.18770145485209305
Average flight (naive),payload,500.0,51,-1.9208386517943494
