model,kind,cv_mae,cv_mae_std,oof_mae,oof_rmse,oof_r2,oof_bias,minutes_mae,latency_ms,size_mb,vs_lookup_diff,vs_lookup_ci_low,vs_lookup_ci_high,chains_better_share,folds_better
GRU,gru,2.6061152737489572,0.3686457324776542,2.616435203741013,3.883657287832755,0.9632178845712368,0.2236031817429528,0.8679148879872125,5.508500000360073,0.182527,-0.620011533955938,-1.1345523387064202,-0.15281638947691875,0.5918367346938775,4.0
LSTM,lstm,2.6451467530748447,0.5317992015815086,2.6580812574844916,4.0028519575765005,0.960925452070958,-0.007805551054136126,0.8686175634181555,1.2577499996950792,0.234239,-0.5783654802124594,-1.1803828371069593,-0.02275987244423629,0.6122448979591837,4.0
Random Forest,random_forest,3.0178213367065596,0.2319425584753286,3.020672810838225,4.417370106361332,0.9524136405066248,0.13812438248258493,0.9035902981911741,6.136349999906088,14.807815,-0.2157739268587262,-0.7038638398091915,0.2424643062888438,0.46938775510204084,3.0
Linear Regression,linear,3.023933168258141,0.6058034653230211,3.03046763667588,4.530282589425334,0.9499498374928349,-0.07172714505713873,0.8997554905528231,0.784150000072259,0.002882,-0.2059791010210712,-0.7665133535266841,0.3244173637710212,0.5714285714285714,2.0
XGBoost + physics,physics_xgb,3.0420322139535863,0.42691580482654984,3.0515299046823956,4.786369689469432,0.9441314519634245,-0.18701825781574338,0.896629540872413,2.2668500000690983,0.470615,-0.18491683301455542,-0.6742126586189054,0.3520365098413478,0.46938775510204084,3.0
Voltage lookup,baseline,3.220238646556242,0.6568610042054043,3.236446737696951,4.999084969426483,0.9390553001505655,-0.08927454211798709,0.9072653182531613,0.41980000014518737,0.000241,0.0,0.0,0.0,0.0,0.0
XGBoost,xgboost,3.256502891688817,0.2824792059300175,3.2632454454999196,4.672198868707928,0.9467649648310076,-0.1801155737581801,0.9162904180281912,1.2338999999883526,0.46913,0.026798707802968558,-0.5413624319303425,0.5786462294769819,0.46938775510204084,3.0
Energy counting (BMS),baseline,4.49427837477798,0.9507732984789548,4.513052574433896,6.205148048508808,0.9061013818559792,-0.3726668606473752,1.0237208546526335,0.22175000003699097,0.000242,1.276605836736945,0.8914796602369582,1.6771584297258821,0.12244897959183673,0.0
Fixed capacity (reference),baseline,13.561369160128677,0.4405032420859915,13.555772043863998,15.431896167288071,0.4192442872990365,-6.327608503858463,1.8457621731062548,0.002499999936844688,0.000241,10.319325306167046,8.34701497171769,12.107816447295978,0.12244897959183673,0.0
