battery_chain,mae
14,11.321319019635157
68,9.409518175646483
11,8.281832526564886
76,7.77276112616634
9,7.763034097099169
57,7.569860201172833
19,6.912629322540119
7,6.821135857812595
44,5.459572666615455
39,5.114667834453305
13,4.721060219726824
53,4.112129932486038
83,3.771947315031543
43,3.6696485289203937
72,3.608997946816914
55,3.069260132846673
54,2.7667233106107143
25,2.7140934637993035
4,2.6835849174694846
12,2.6423820400151645
1,2.600470899233381
16,2.47511646454432
28,2.326211606333236
20,2.309412211876185
15,2.1212591170644894
50,1.7790752528153384
33,1.7674784505621919
17,1.7544990042118394
56,1.7315731699233785
35,1.7269401531815323
89,1.6361991911694942
71,1.6160923902446542
73,1.5963285875797593
77,1.31076214358567
82,1.298047466464519
18,1.251125752372135
80,1.213756734120131
21,1.0687626857579944
22,1.0650128237115086
69,1.0403478150395904
41,0.9905114817321142
49,0.987870635698312
58,0.9335150730560131
51,0.8131277106961435
79,0.769994113702501
27,0.7411372817513324
42,0.7277389432377352
31,0.679448834034332
60,0.43960564316846895
