model,all_rows,known_preflight_voltage,unknown_preflight_voltage
GRU,2.616435203741013,2.39162068913922,8.26631419761759
LSTM,2.6580812574844916,2.4456644159602536,7.996390721173497
Random Forest,3.020672810838225,2.7169540777386874,10.653516683153741
Linear Regression,3.03046763667588,2.642940865490764,12.769515704643199
XGBoost + physics,3.0515299046823956,2.5932688980379655,14.568220629652373
Voltage lookup,3.236446737696951,2.815909350824803,13.805094195523258
XGBoost,3.2632454454999196,2.9075377012174712,12.202640288134303
Energy counting (BMS),4.513052574433896,3.976725778987443,17.99163735715275
Fixed capacity (reference),13.555772043863998,13.379264386208536,17.99163735715275
