model,bias_below_reserve,mae_below_reserve,share_overpredict_5wh
GRU,0.981573258453342,3.2171895521788123,0.09600569418857813
LSTM,0.6334675517421198,3.0841071647706824,0.08553843577290236
Random Forest,4.102872873620155,4.834746346422129,0.11652152068330263
Linear Regression,2.9680016235685964,3.851955412493235,0.09788980070339977
XGBoost + physics,0.9448697206625734,2.805385214818562,0.0887204823312678
Voltage lookup,-0.34683273609681353,2.3442939505688547,0.12238318539608106
XGBoost,1.6631521945770185,3.097753659661018,0.10475632222408307
Energy counting (BMS),-0.3568559820421859,6.185161736000677,0.18556355719309997
Fixed capacity (reference),0.2420404925109622,18.98973956892996,0.19012728186233463
