kind,model,config,cv_mae_mean,cv_mae_std,fold_mae
baseline,Fixed capacity (reference),"{""baseline"": ""FixedCapacity""}",13.561369160128677,0.4405032420859915,"[12.90877733240364, 13.721718007993523, 14.25155613791513, 13.355910759797238, 13.56888356253386]"
baseline,Energy counting (BMS),"{""baseline"": ""EnergyCounting""}",4.49427837477798,0.9507732984789548,"[5.4748575765111225, 3.387125796539733, 3.291051614607755, 5.142030775767728, 5.176326110463565]"
baseline,Voltage lookup,"{""baseline"": ""VoltageLookup""}",3.220238646556242,0.6568610042054043,"[3.731610231031637, 2.591981284345908, 2.260430505675409, 3.769924017461097, 3.7472471942671577]"
linear,Linear Regression,"{""alpha"": 0.01}",3.0330154785283736,0.6285282200049357,"[3.8114985165701714, 2.626995234903317, 2.6625563027237344, 2.30156574849864, 3.7624615899460054]"
linear,Linear Regression,"{""alpha"": 0.1}",3.032676787779778,0.6283374205288643,"[3.810616130550773, 2.6265514791517535, 2.662178878682014, 2.30173021510972, 3.762307235404628]"
linear,Linear Regression,"{""alpha"": 1.0}",3.029958147264499,0.6263539585680109,"[3.802941459178006, 2.6227906662555216, 2.6590502595704524, 2.3042452164605787, 3.7607631348579353]"
linear,Linear Regression,"{""alpha"": 10.0}",3.023933168258141,0.6058034653230211,"[3.7648423208387327, 2.609562471062724, 2.6498107548678633, 2.350143593181058, 3.7453067013403274]"
linear,Linear Regression,"{""alpha"": 100.0}",3.031051517901197,0.5252717453318438,"[3.6853431772611995, 2.6280802122908065, 2.6765626183060967, 2.509013820705851, 3.656257760942031]"
random_forest,Random Forest,"{""max_depth"": null, ""min_samples_leaf"": 20, ""max_features"": 0.5, ""max_samples"": 0.3}",3.0233914671941666,0.26185194977414317,"[3.19778189264485, 2.623554561452407, 2.8575978040797496, 3.063241383402167, 3.3747816943916593]"
random_forest,Random Forest,"{""max_depth"": 12, ""min_samples_leaf"": 20, ""max_features"": 0.3, ""max_samples"": 0.5}",3.0178213367065596,0.2319425584753286,"[3.2680725244606004, 2.6465718240868026, 2.883237467729781, 3.05137616705739, 3.239848700198223]"
random_forest,Random Forest,"{""max_depth"": null, ""min_samples_leaf"": 2, ""max_features"": 0.5, ""max_samples"": 0.5}",3.1184914011645675,0.20109196568164706,"[3.173018837031297, 3.0313294134682613, 3.0284312273670513, 2.8832063254330516, 3.476471202523175]"
random_forest,Random Forest,"{""max_depth"": 20, ""min_samples_leaf"": 20, ""max_features"": 0.8, ""max_samples"": 0.5}",3.2106619933076956,0.34054624758542124,"[3.4790643192459028, 2.7966117611661274, 3.0205271910749967, 3.029372109660176, 3.7277345853912736]"
random_forest,Random Forest,"{""max_depth"": 12, ""min_samples_leaf"": 2, ""max_features"": 0.8, ""max_samples"": 0.3}",3.2491854327988365,0.24603430163022008,"[3.37640713836071, 3.100008305996522, 3.1619355388389923, 2.949775544056138, 3.6578006367418197]"
random_forest,Random Forest,"{""max_depth"": 12, ""min_samples_leaf"": 5, ""max_features"": 0.3, ""max_samples"": 0.5}",3.04400710769342,0.17359593641744925,"[3.178131313553223, 2.825586183412546, 2.967732164526348, 2.9422610089609766, 3.3063248680140074]"
random_forest,Random Forest,"{""max_depth"": 20, ""min_samples_leaf"": 10, ""max_features"": 0.5, ""max_samples"": 0.5}",3.099182401761954,0.22222969836986273,"[3.2082571869178182, 2.9094535142334506, 2.9562376832048516, 2.9338496905373264, 3.488113933916322]"
random_forest,Random Forest,"{""max_depth"": 12, ""min_samples_leaf"": 5, ""max_features"": 0.5, ""max_samples"": 0.3}",3.084961073601575,0.19792431578684158,"[3.1675930102716263, 2.939668306588745, 2.940202748992197, 2.9382052609235334, 3.439136041231774]"
random_forest,Random Forest,"{""max_depth"": null, ""min_samples_leaf"": 10, ""max_features"": 0.8, ""max_samples"": 0.3}",3.1966430311070964,0.28299439602014964,"[3.378089890052117, 2.867858959610792, 3.02783377084016, 3.0539369878826386, 3.6554955471497723]"
random_forest,Random Forest,"{""max_depth"": 20, ""min_samples_leaf"": 20, ""max_features"": 0.3, ""max_samples"": 0.5}",3.024688949092893,0.24386770008488676,"[3.2876381533167622, 2.634261277437486, 2.8896273144521984, 3.0485440868781772, 3.2633739133798407]"
xgboost,XGBoost,"{""n_estimators"": 200, ""max_depth"": 8, ""learning_rate"": 0.05, ""subsample"": 0.8, ""colsample_bytree"": 0.8, ""min_child_weight"": 20, ""reg_lambda"": 0.1}",3.451798017533205,0.3652280663356497,"[3.714324795025392, 3.580794515124348, 3.3497910864257667, 2.7927043391894206, 3.8213753519010973]"
xgboost,XGBoost,"{""n_estimators"": 800, ""max_depth"": 3, ""learning_rate"": 0.02, ""subsample"": 0.8, ""colsample_bytree"": 1.0, ""min_child_weight"": 20, ""reg_lambda"": 10.0}",3.3767487286411653,0.34909056470568756,"[3.3357210765604233, 3.6153188357581723, 3.1962793060130856, 2.8592882540375477, 3.8771361708365975]"
xgboost,XGBoost,"{""n_estimators"": 800, ""max_depth"": 8, ""learning_rate"": 0.05, ""subsample"": 0.6, ""colsample_bytree"": 1.0, ""min_child_weight"": 5, ""reg_lambda"": 1.0}",3.532496920249824,0.4299599737175582,"[3.732924965892441, 3.443812048027766, 3.442966451777721, 2.8625927687357615, 4.180188366815428]"
xgboost,XGBoost,"{""n_estimators"": 400, ""max_depth"": 3, ""learning_rate"": 0.1, ""subsample"": 1.0, ""colsample_bytree"": 0.8, ""min_child_weight"": 5, ""reg_lambda"": 10.0}",3.488667676984248,0.48899137067463444,"[3.5606330212021455, 3.976409309348111, 3.175331960079781, 2.723624110380619, 4.007339983910581]"
xgboost,XGBoost,"{""n_estimators"": 400, ""max_depth"": 4, ""learning_rate"": 0.05, ""subsample"": 0.6, ""colsample_bytree"": 0.5, ""min_child_weight"": 5, ""reg_lambda"": 10.0}",3.3436515623292684,0.36054373924602817,"[3.5409025954411595, 3.7360724184922254, 3.097782631696638, 2.7609550776245997, 3.5825450883917216]"
xgboost,XGBoost,"{""n_estimators"": 200, ""max_depth"": 8, ""learning_rate"": 0.1, ""subsample"": 0.6, ""colsample_bytree"": 0.8, ""min_child_weight"": 1, ""reg_lambda"": 10.0}",3.39171674595138,0.3161699459662832,"[3.6383713542911758, 3.561931072039654, 3.2781035661933586, 2.821092579816747, 3.6590851574159644]"
xgboost,XGBoost,"{""n_estimators"": 800, ""max_depth"": 4, ""learning_rate"": 0.02, ""subsample"": 1.0, ""colsample_bytree"": 0.8, ""min_child_weight"": 20, ""reg_lambda"": 10.0}",3.2822464739115005,0.39062849859917814,"[3.313126743657685, 3.5667304413205763, 3.055591028554173, 2.678534819618766, 3.7972493364062996]"
xgboost,XGBoost,"{""n_estimators"": 800, ""max_depth"": 8, ""learning_rate"": 0.02, ""subsample"": 0.8, ""colsample_bytree"": 0.8, ""min_child_weight"": 5, ""reg_lambda"": 0.1}",3.417982868478969,0.3451898456747465,"[3.6656542625456354, 3.5159297053296243, 3.389791094835893, 2.7726122184935122, 3.7459270611901805]"
xgboost,XGBoost,"{""n_estimators"": 400, ""max_depth"": 3, ""learning_rate"": 0.1, ""subsample"": 1.0, ""colsample_bytree"": 1.0, ""min_child_weight"": 20, ""reg_lambda"": 1.0}",3.4931464886056274,0.49553281616818873,"[3.488943172440371, 4.0006805898761355, 3.2102651857030744, 2.724957269342627, 4.040886225665929]"
xgboost,XGBoost,"{""n_estimators"": 800, ""max_depth"": 4, ""learning_rate"": 0.02, ""subsample"": 1.0, ""colsample_bytree"": 0.8, ""min_child_weight"": 1, ""reg_lambda"": 1.0}",3.3426122753718914,0.4136372277621326,"[3.4545612449179024, 3.662565834576233, 3.077005229217574, 2.6866636383033504, 3.832265429844395]"
xgboost,XGBoost,"{""n_estimators"": 800, ""max_depth"": 3, ""learning_rate"": 0.05, ""subsample"": 0.6, ""colsample_bytree"": 1.0, ""min_child_weight"": 5, ""reg_lambda"": 0.1}",3.473897397415577,0.46030267164628275,"[3.478949484658173, 3.9297369815431513, 3.338624364013086, 2.6864822205827465, 3.9356939362807273]"
xgboost,XGBoost,"{""n_estimators"": 200, ""max_depth"": 6, ""learning_rate"": 0.1, ""subsample"": 1.0, ""colsample_bytree"": 0.8, ""min_child_weight"": 1, ""reg_lambda"": 10.0}",3.3649879547041808,0.367236777463929,"[3.4733587445847043, 3.6918201008147875, 3.310838798608416, 2.6844520591822603, 3.6644700703307356]"
xgboost,XGBoost,"{""n_estimators"": 400, ""max_depth"": 6, ""learning_rate"": 0.02, ""subsample"": 0.6, ""colsample_bytree"": 1.0, ""min_child_weight"": 20, ""reg_lambda"": 1.0}",3.4224681600210523,0.36196290903548506,"[3.6043819966007202, 3.3267538235089558, 3.280383097523253, 2.906774069599871, 3.9940478128724606]"
xgboost,XGBoost,"{""n_estimators"": 800, ""max_depth"": 8, ""learning_rate"": 0.05, ""subsample"": 1.0, ""colsample_bytree"": 0.5, ""min_child_weight"": 1, ""reg_lambda"": 10.0}",3.3518309728100064,0.22906519942364875,"[3.681312195754678, 3.4018745144832168, 3.2630910884502713, 2.9815614493341482, 3.4313156160277183]"
xgboost,XGBoost,"{""n_estimators"": 400, ""max_depth"": 3, ""learning_rate"": 0.1, ""subsample"": 0.6, ""colsample_bytree"": 1.0, ""min_child_weight"": 1, ""reg_lambda"": 10.0}",3.5085479370848858,0.4605789469749299,"[3.5517795472263645, 3.953265251043401, 3.2475459674868126, 2.7757409945989795, 4.0144079250688725]"
xgboost,XGBoost,"{""n_estimators"": 800, ""max_depth"": 8, ""learning_rate"": 0.05, ""subsample"": 0.8, ""colsample_bytree"": 1.0, ""min_child_weight"": 1, ""reg_lambda"": 10.0}",3.49760758212413,0.37897321218920244,"[3.8357901008393314, 3.394454702643544, 3.3864108813519733, 2.900404488415611, 3.9709777373701898]"
xgboost,XGBoost,"{""n_estimators"": 400, ""max_depth"": 4, ""learning_rate"": 0.05, ""subsample"": 0.8, ""colsample_bytree"": 0.5, ""min_child_weight"": 1, ""reg_lambda"": 0.1}",3.3892070892542607,0.3459699008384427,"[3.7402785972686394, 3.6133195230358313, 3.1800059901230537, 2.809818484357455, 3.6026128514863256]"
xgboost,XGBoost,"{""n_estimators"": 200, ""max_depth"": 4, ""learning_rate"": 0.1, ""subsample"": 0.8, ""colsample_bytree"": 0.8, ""min_child_weight"": 20, ""reg_lambda"": 1.0}",3.382726004172812,0.4155268113145112,"[3.2532096243300934, 3.7550748156350324, 3.2293442536374846, 2.75474778065858, 3.921253546602875]"
xgboost,XGBoost,"{""n_estimators"": 200, ""max_depth"": 8, ""learning_rate"": 0.05, ""subsample"": 0.8, ""colsample_bytree"": 0.8, ""min_child_weight"": 5, ""reg_lambda"": 0.1}",3.4443098892590647,0.3715186539924067,"[3.7063467018068876, 3.551267402612193, 3.4315545252807262, 2.743499509093137, 3.788881307502378]"
xgboost,XGBoost,"{""n_estimators"": 400, ""max_depth"": 8, ""learning_rate"": 0.02, ""subsample"": 0.8, ""colsample_bytree"": 0.5, ""min_child_weight"": 5, ""reg_lambda"": 1.0}",3.275254705801749,0.23268535712190735,"[3.5571665813349167, 3.3972161794831117, 3.2401584295914483, 2.8594212978129487, 3.3223110407863197]"
xgboost,XGBoost,"{""n_estimators"": 800, ""max_depth"": 3, ""learning_rate"": 0.02, ""subsample"": 0.8, ""colsample_bytree"": 1.0, ""min_child_weight"": 20, ""reg_lambda"": 0.1}",3.3939733199300526,0.3607350288639891,"[3.342629320035821, 3.6223143273333944, 3.1966815131446418, 2.8765114954274003, 3.931729943709005]"
xgboost,XGBoost,"{""n_estimators"": 200, ""max_depth"": 8, ""learning_rate"": 0.02, ""subsample"": 1.0, ""colsample_bytree"": 0.5, ""min_child_weight"": 20, ""reg_lambda"": 0.1}",3.298597654468554,0.2216459791735674,"[3.646719338413757, 3.216832962819919, 3.2947468251983496, 2.963272334414302, 3.371416811496443]"
xgboost,XGBoost,"{""n_estimators"": 400, ""max_depth"": 6, ""learning_rate"": 0.02, ""subsample"": 0.8, ""colsample_bytree"": 0.8, ""min_child_weight"": 20, ""reg_lambda"": 10.0}",3.2740555716309627,0.31555550510921027,"[3.439926708904164, 3.4436688189832902, 3.149355229338578, 2.7193143741287997, 3.6180127267999826]"
xgboost,XGBoost,"{""n_estimators"": 400, ""max_depth"": 4, ""learning_rate"": 0.05, ""subsample"": 0.8, ""colsample_bytree"": 1.0, ""min_child_weight"": 1, ""reg_lambda"": 0.1}",3.419487772232003,0.44462458130551175,"[3.6693761577861768, 3.6309786134445257, 3.1619098827309156, 2.6874408314296336, 3.9477333757687614]"
xgboost,XGBoost,"{""n_estimators"": 400, ""max_depth"": 3, ""learning_rate"": 0.02, ""subsample"": 0.6, ""colsample_bytree"": 1.0, ""min_child_weight"": 20, ""reg_lambda"": 10.0}",3.256502891688817,0.2824792059300175,"[3.3756739785317516, 3.17832068271774, 3.008022885291134, 2.9759375756819333, 3.7445593362215246]"
xgboost,XGBoost,"{""n_estimators"": 400, ""max_depth"": 6, ""learning_rate"": 0.02, ""subsample"": 1.0, ""colsample_bytree"": 0.8, ""min_child_weight"": 20, ""reg_lambda"": 0.1}",3.342691614420115,0.3116436215155071,"[3.427995140961335, 3.5134003732344237, 3.2592174057082786, 2.794179174461105, 3.718665977735433]"
xgboost,XGBoost,"{""n_estimators"": 400, ""max_depth"": 6, ""learning_rate"": 0.05, ""subsample"": 0.8, ""colsample_bytree"": 0.5, ""min_child_weight"": 5, ""reg_lambda"": 0.1}",3.408917535875793,0.29576279841061076,"[3.7119364957894283, 3.5880257309491483, 3.3927428349849174, 2.856050340433193, 3.495832277222276]"
xgboost,XGBoost,"{""n_estimators"": 200, ""max_depth"": 6, ""learning_rate"": 0.05, ""subsample"": 0.8, ""colsample_bytree"": 0.8, ""min_child_weight"": 20, ""reg_lambda"": 0.1}",3.397191216250138,0.3296500604073063,"[3.4885234370566884, 3.557267403657723, 3.315490676992269, 2.818219637484517, 3.806454926059494]"
xgboost,XGBoost,"{""n_estimators"": 400, ""max_depth"": 3, ""learning_rate"": 0.05, ""subsample"": 1.0, ""colsample_bytree"": 0.8, ""min_child_weight"": 20, ""reg_lambda"": 1.0}",3.4427169861126714,0.39640494693668243,"[3.4798729696275132, 3.7815264834540763, 3.2376904714330963, 2.8036835815214762, 3.910811424527198]"
xgboost,XGBoost,"{""n_estimators"": 800, ""max_depth"": 4, ""learning_rate"": 0.02, ""subsample"": 1.0, ""colsample_bytree"": 1.0, ""min_child_weight"": 1, ""reg_lambda"": 10.0}",3.360321234222907,0.4307904409913761,"[3.5556005087352753, 3.5247274121358725, 3.0213743189121347, 2.7385443360934314, 3.9613595952378216]"
lstm,LSTM,"{""hidden"": 32, ""layers"": 1, ""dropout"": 0.1}",2.695633022841217,0.447470730668901,"[3.0273784813188556, 2.5070195000847777, 2.403973912984785, 2.153688460518903, 3.3861047592987616]"
lstm,LSTM,"{""hidden"": 32, ""layers"": 1, ""dropout"": 0.3}",2.7772046887117474,0.4983971705198811,"[3.427567542075145, 2.4130815144109103, 2.5685137058878302, 2.1727969149725066, 3.3040637662123453]"
lstm,LSTM,"{""hidden"": 32, ""layers"": 2, ""dropout"": 0.1}",2.7584034032964824,0.4165994692934573,"[3.168614247387997, 2.5433776225938067, 2.534514911497811, 2.223788558438026, 3.321721676564773]"
lstm,LSTM,"{""hidden"": 32, ""layers"": 2, ""dropout"": 0.3}",2.8330438389976322,0.5758166105436395,"[3.3671889134557813, 2.3831739261929488, 2.6094013643228218, 2.1576092614585125, 3.647845729558098]"
lstm,LSTM,"{""hidden"": 64, ""layers"": 1, ""dropout"": 0.1}",2.6783613533460366,0.4379701391349971,"[2.6680287521522903, 2.652110073668107, 2.3091301470346455, 2.2731493793546296, 3.489388414520513]"
lstm,LSTM,"{""hidden"": 64, ""layers"": 1, ""dropout"": 0.3}",2.7199343817151247,0.458870193787046,"[3.0006741454393238, 2.5458493140335894, 2.4826300648971715, 2.1223712500188894, 3.4481471341866494]"
lstm,LSTM,"{""hidden"": 64, ""layers"": 2, ""dropout"": 0.1}",2.6451467530748447,0.5317992015815086,"[2.6749677749499323, 2.4127844545818866, 2.326967343623565, 2.1563885241002487, 3.6546256681185896]"
lstm,LSTM,"{""hidden"": 64, ""layers"": 2, ""dropout"": 0.3}",2.6509090516763516,0.4196851173922514,"[2.9019134839055494, 2.542153561931511, 2.4565035163753803, 2.057837390476801, 3.296137305692514]"
gru,GRU,"{""hidden"": 32, ""layers"": 1, ""dropout"": 0.1}",2.687603840068059,0.4483857254578534,"[2.8320911369797725, 2.5826901274761256, 2.2788518999181737, 2.2646813513749104, 3.479704684591311]"
gru,GRU,"{""hidden"": 32, ""layers"": 1, ""dropout"": 0.3}",2.721791873148323,0.3119623757751803,"[2.9844413988785163, 2.6115778840339523, 2.4992447366068866, 2.336439730435912, 3.177255615786348]"
gru,GRU,"{""hidden"": 32, ""layers"": 2, ""dropout"": 0.1}",2.929291822516214,0.34978284609444094,"[2.7568075120206954, 2.7076621677374075, 2.4953032895001743, 3.3146486886016024, 3.3720374547211893]"
gru,GRU,"{""hidden"": 32, ""layers"": 2, ""dropout"": 0.3}",2.777533340753876,0.41811214845164446,"[3.247248965077447, 2.659069491121737, 2.436188063328856, 2.2612794348521237, 3.283880749389214]"
gru,GRU,"{""hidden"": 64, ""layers"": 1, ""dropout"": 0.1}",2.653052144123132,0.4089937160657402,"[2.7121953801571057, 2.6174177740908564, 2.324280276707598, 2.2239071080952986, 3.387460181564799]"
gru,GRU,"{""hidden"": 64, ""layers"": 1, ""dropout"": 0.3}",2.6901374398695177,0.3163545714219367,"[2.8260365182231304, 2.6135775993575643, 2.5835642258647216, 2.2322994812396595, 3.1952093746625145]"
gru,GRU,"{""hidden"": 64, ""layers"": 2, ""dropout"": 0.1}",2.6061152737489572,0.3686457324776542,"[2.5473195474198564, 2.323856033690154, 2.371673730886827, 2.4603833031977094, 3.3273437535502373]"
gru,GRU,"{""hidden"": 64, ""layers"": 2, ""dropout"": 0.3}",2.745382186086721,0.28868487965457074,"[2.7288932689351126, 2.558392090931877, 2.490267898661088, 2.649701596978438, 3.299656074927088]"
physics_xgb,XGBoost + physics,"{""n_estimators"": 400, ""max_depth"": 3, ""learning_rate"": 0.02, ""subsample"": 0.6, ""colsample_bytree"": 1.0, ""min_child_weight"": 20, ""reg_lambda"": 10.0}",3.0420322139535863,0.42691580482654984,"[3.284856509799249, 3.0586571975945986, 2.611453004003089, 2.5566311947662737, 3.698563163604722]"
