flight,date,local_time,battery_chain,v_rest_start,v_rest_end,link_jump_v,link_confident,v_rest_start_estimated,v_rest_end_estimated
1,2019-04-07,10:13,1,24.177725028000005,23.063024140000003,,True,False,False
2,2019-04-07,10:23,1,23.15767936706543,22.41308536529541,0.09465522706542728,True,False,False
3,2019-04-07,10:33,2,25.337499618530273,24.15881938934326,2.9244142532348647,True,False,False
4,2019-04-07,10:48,2,24.104980850219725,23.172578811645508,-0.05383853912353587,False,False,False
5,2019-04-07,11:05,3,24.30073881149292,23.572233581542967,1.128159999847412,True,False,False
6,2019-04-07,11:18,3,23.495983123779297,22.57134418487549,-0.07625045776367045,False,False,False
7,2019-05-06,15:43,4,24.363779640197755,23.021206092834472,,True,False,False
8,2019-05-06,15:56,4,23.29077262878418,22.467173576354984,0.26956653594970703,True,False,False
10,2019-05-06,16:08,5,25.724508857727045,24.424880027770996,3.257335281372061,True,False,False
12,2019-05-06,16:19,6,24.089580917358397,23.23643379211426,-0.3352991104125991,True,False,False
14,2019-05-06,16:37,7,22.91090030670166,22.208499717712403,-0.3255334854125991,True,False,False
15,2019-05-06,16:42,8,24.873865699768068,23.50224361419678,2.6653659820556648,True,False,False
16,2019-05-06,16:47,9,24.05264549255371,22.802848243713377,0.5504018783569329,True,False,False
17,2019-05-06,16:53,9,23.17045040130615,22.255827140808105,0.36760215759277415,False,False,False
18,2019-05-06,17:06,10,25.46082706451416,23.90102195739746,3.2049999237060547,True,False,False
20,2019-05-06,17:18,11,23.142654800415038,22.244433784484862,-0.7583671569824233,True,False,False
23,2019-05-06,17:37,12,23.406962585449218,22.378110885620117,1.1625288009643562,True,False,False
59,2019-06-05,15:27,13,23.785559961129703,22.95609931945801,,True,True,False
60,2019-06-05,15:38,13,22.956438362419288,22.23729705810547,0.00033904296127929,True,True,False
68,2019-06-05,16:54,14,23.524726384346202,22.56533432006836,1.2874293262407335,True,True,False
76,2019-06-11,9:36,15,23.627949523925782,22.50022792816162,,True,False,False
77,2019-06-11,9:52,16,25.693333053588866,24.885258865356445,3.1931051254272447,True,False,False
78,2019-06-11,9:57,16,24.946484375,23.870597267150874,0.06122550964355611,True,False,False
79,2019-06-11,10:05,16,23.956988716125487,23.18898105621338,0.08639144897461293,True,False,False
80,2019-06-11,10:13,16,23.227919578552246,22.658236503601074,0.03893852233886719,True,False,False
81,2019-06-11,10:21,17,25.214548301696777,23.98234977681954,2.5563117980957024,True,False,True
82,2019-06-11,10:30,17,24.069046783447266,23.030721855163574,0.08669700662772684,True,False,False
83,2019-06-11,10:36,17,23.142154121398924,22.48107147216797,0.11143226623535085,True,False,False
84,2019-06-11,10:43,18,25.684943389892577,24.376926040649415,3.2038719177246087,True,False,False
85,2019-06-11,10:53,18,24.41473846435547,23.316063690185548,0.03781242370605398,True,False,False
86,2019-06-11,10:58,18,23.361388397216796,22.53648778578678,0.04532470703124858,True,False,True
87,2019-06-11,11:09,19,25.63248291015625,23.7455171585083,3.0959951243694697,True,False,False
88,2019-06-11,11:18,19,23.778070831298827,22.65285243988037,0.032553672790527344,True,False,False
91,2019-06-19,16:25,20,24.986174201965333,23.456168556213377,,True,False,False
92,2019-06-19,16:35,20,23.672021675109868,22.584115028381348,0.21585311889649006,True,False,False
93,2019-06-19,16:45,21,25.42814826965332,24.16144847869873,2.8440332412719727,True,False,False
94,2019-06-19,16:55,21,24.256103515625,22.978260612487794,0.09465503692626953,True,False,False
95,2019-06-19,17:05,21,23.088941955566405,22.390798377990723,0.11068134307861044,True,False,False
96,2019-06-19,17:15,22,25.65301647186279,24.240828323364255,3.262218093872068,True,False,False
97,2019-06-19,17:25,22,24.37692642211914,22.891243362426756,0.13609809875488565,True,False,False
98,2019-06-19,17:35,22,22.96899528503418,22.415964889526368,0.07775192260742259,True,False,False
99,2019-06-19,17:45,23,25.533695793151857,24.238825225830077,3.117730903625489,True,False,False
100,2019-06-19,17:55,23,24.31282138824463,23.35074577331543,0.0739961624145522,True,False,False
101,2019-06-19,18:05,23,23.470441818237305,22.65222663879395,0.11969604492187358,True,False,False
102,2019-06-19,18:15,24,25.3416316986084,23.565597343444825,2.6894050598144474,True,False,False
105,2019-06-19,18:35,25,25.595797729492187,24.006694793701172,2.030200386047362,True,False,False
106,2019-06-19,18:45,25,24.157316780090333,22.946207809448243,0.15062198638916158,True,False,False
107,2019-06-19,18:55,25,23.057515144348145,22.286377716064454,0.11130733489990163,True,False,False
108,2019-06-24,10:31,26,24.918188095092773,23.773187828063964,,True,False,False
109,2019-06-24,10:39,26,23.971512413024904,22.509117317199706,0.19832458496093963,True,False,False
110,2019-06-24,10:50,27,25.73615264892578,24.370666313171387,3.227035331726075,True,False,False
111,2019-06-24,10:59,27,24.438026428222656,23.631079864501952,0.06736011505126882,True,False,False
112,2019-06-24,11:06,27,23.71071014404297,22.645215034484863,0.07963027954101776,True,False,False
113,2019-06-24,11:15,28,25.766076469421385,24.591152381896972,3.120861434936522,True,False,False
114,2019-06-24,11:20,28,24.613063049316406,23.594144821166992,0.021910667419433594,True,False,False
115,2019-06-24,11:28,28,23.66288204193115,22.880349922180176,0.06873722076415945,True,False,False
116,2019-06-24,11:34,28,22.973127174377442,22.473809432983398,0.09277725219726562,True,False,False
117,2019-06-24,11:40,28,22.60201950073242,22.098194313049316,0.12821006774902344,True,False,False
118,2019-06-24,11:47,29,25.60443687438965,23.954234313964843,3.5062425613403327,True,False,False
119,2019-06-24,11:54,29,23.874728775024415,23.093699645996093,-0.07950553894042756,False,False,False
120,2019-06-25,10:28,30,25.08608798980713,24.010075759887695,,True,False,False
121,2019-06-25,10:36,30,24.190496253967282,23.035103797912598,0.1804204940795877,True,False,False
122,2019-06-25,10:44,31,25.714241790771485,24.474085807800293,2.6791379928588874,True,False,False
123,2019-06-25,10:50,31,24.5967866897583,23.248954200744627,0.1227008819580071,True,False,False
124,2019-06-25,10:57,31,23.31844291687012,22.739369583129882,0.06948871612549112,True,False,False
125,2019-06-25,11:05,32,25.760192108154296,24.269750785827636,3.020822525024414,True,False,False
126,2019-06-25,11:13,32,24.38130874633789,22.752140235900878,0.1115579605102539,True,False,False
127,2019-06-25,11:21,33,25.658525276184083,24.559350204467773,2.9063850402832045,True,False,False
128,2019-06-25,11:29,33,24.65112590789795,23.529288482666015,0.09177570343017649,True,False,False
129,2019-06-25,11:36,33,23.585880851745607,22.56032600402832,0.056592369079591975,True,False,False
130,2019-06-25,11:45,34,25.76457405090332,24.640483093261718,3.2042480468750014,True,False,False
131,2019-06-25,11:53,34,24.740897750854494,23.351371574401856,0.10041465759277557,True,False,False
134,2019-06-29,12:15,35,25.575139045715332,24.43164119720459,,True,False,False
135,2019-06-29,12:20,35,24.593906974792482,23.292024421691895,0.16226577758789062,True,False,False
136,2019-06-29,12:40,35,23.427871894836425,22.745003509521485,0.13584747314452983,True,False,False
137,2019-06-29,13:10,36,25.69508514404297,24.34700241088867,2.950081634521485,True,False,False
138,2019-06-29,13:26,36,24.322712707519532,23.014444923400877,-0.024289703369138493,True,False,False
139,2019-06-29,13:33,36,23.165066528320313,22.533281898498537,0.15062160491943644,True,False,False
140,2019-06-29,13:40,37,25.605939674377442,24.21428508758545,3.0726577758789055,True,False,False
141,2019-06-29,13:47,37,24.309941864013673,23.4052095413208,0.09565677642822479,True,False,False
142,2019-07-01,13:54,38,24.969897842407228,23.74526653289795,,True,False,False
143,2019-07-01,14:01,38,23.890629768371582,23.045871353149412,0.1453632354736314,True,False,False
144,2019-07-01,14:08,38,23.08643798828125,22.421724319458008,0.04056663513183878,True,False,False
145,2019-07-01,14:15,39,25.810149002075196,24.242581367492676,3.388424682617188,True,False,False
146,2019-07-01,14:22,39,24.346752166748047,23.685543823242188,0.1041707992553711,True,False,False
147,2019-07-01,14:29,39,23.70520153045654,22.81198844909668,0.019657707214353337,True,False,False
148,2019-07-01,14:36,39,22.824383544921876,22.317428398132325,0.012395095825194602,True,False,False
149,2019-07-03,15:03,40,25.593418884277344,24.452299690246583,,True,False,False
150,2019-07-03,15:10,40,24.565610504150392,23.508503913879395,0.1133108139038086,True,False,False
151,2019-07-03,15:17,40,23.60741596221924,22.831269836425783,0.09891204833984446,True,False,False
152,2019-07-03,15:28,40,22.972876739501952,22.1744441986084,0.14160690307616974,True,False,False
153,2019-07-03,15:35,41,25.683191108703614,24.408102798461915,3.5087469100952156,True,False,False
154,2019-07-03,15:43,41,24.52228946685791,23.37052803039551,0.11418666839599467,True,False,False
155,2019-07-03,15:50,41,23.50662612915039,22.510118675231933,0.1360980987548821,True,False,False
156,2019-07-03,15:56,42,25.73665370941162,24.17534637451172,3.226535034179687,True,False,False
157,2019-07-03,16:05,42,24.294165802001952,23.35963535308838,0.11881942749023366,True,False,False
158,2019-07-03,16:10,42,23.470942497253418,22.67263469696045,0.11130714416503906,True,False,False
159,2019-07-03,16:16,43,25.404234313964842,24.188617897033687,2.7315996170043917,True,False,False
160,2019-07-03,16:25,43,24.372168731689452,23.088941955566405,0.18355083465576527,True,False,False
162,2019-07-03,16:35,43,23.16907329559326,22.430237770080566,0.08013134002685618,True,False,False
163,2019-07-03,16:41,44,25.713741111755372,24.374923133850096,3.2835033416748054,True,False,False
164,2019-07-03,16:50,44,24.39245185852051,23.162938117980957,0.017528724670413,True,False,False
165,2019-07-03,16:56,44,23.178589057922363,22.484577178955078,0.01565093994140554,True,False,False
166,2019-07-09,11:23,45,25.563119316101073,24.341493225097658,,True,False,False
167,2019-07-09,11:35,45,24.38005676269531,23.469440269470216,0.03856353759765341,True,False,False
168,2019-07-09,11:42,45,23.566098403930663,22.735112571716307,0.0966581344604478,True,False,False
169,2019-07-09,11:49,46,25.34826774597168,24.288656997680665,2.613155174255372,True,False,False
170,2019-07-09,11:56,46,24.33648509979248,23.478329277038576,0.047828102111814985,True,False,False
171,2019-07-09,12:03,46,23.55357780456543,22.960231018066406,0.07524852752685263,True,False,False
172,2019-07-09,12:09,47,25.497011184692383,24.241830253601073,2.5367801666259773,True,False,False
173,2019-07-09,12:17,47,24.307187271118163,23.093449211120607,0.06535701751709055,True,False,False
174,2019-07-09,12:26,47,23.151168632507325,22.41846866607666,0.05771942138671804,True,False,False
175,2019-07-09,12:34,48,25.731645584106445,24.61957378387451,3.313176918029786,True,False,False
176,2019-07-09,12:40,48,24.64761962890625,23.532543754577638,0.02804584503173757,True,False,False
177,2019-07-09,12:50,48,23.586131286621093,22.974504661560065,0.0535875320434549,True,False,False
178,2019-07-10,8:23,49,25.45970001220703,24.531179428100586,,True,False,False
179,2019-07-10,8:28,49,24.640482902526855,23.19874687194824,0.10930347442626953,True,False,False
180,2019-07-10,8:35,49,23.3121826171875,22.497348022460937,0.11343574523925781,True,False,False
181,2019-07-10,8:44,50,25.645629501342775,24.44315986633301,3.148281478881838,True,False,False
182,2019-07-10,8:57,50,24.461565208435058,23.385552978515626,0.01840534210204936,True,False,False
183,2019-07-10,9:07,50,23.447654914855956,22.773675537109376,0.0621019363403299,True,False,False
184,2019-07-10,9:12,51,25.76870632171631,23.92343406677246,2.995030784606932,True,False,False
185,2019-07-10,9:22,51,24.07818737030029,23.267108726501466,0.1547533035278299,True,False,False
186,2019-07-10,9:30,51,23.261599731445312,22.564332580566408,-0.005508995056153765,True,False,False
187,2019-07-10,9:37,52,25.675178146362306,24.73288459777832,3.1108455657958984,True,False,False
188,2019-07-10,9:45,52,24.72862777709961,23.16556739807129,-0.004256820678708806,True,False,False
189,2019-07-10,9:56,53,25.12039432525635,23.922807693481445,1.95482692718506,True,False,False
190,2019-07-10,10:03,53,24.107860565185547,22.78932590484619,0.18505287170410156,True,False,False
191,2019-07-15,7:26,54,24.278890991210936,23.058642578125,,True,False,False
192,2019-07-15,7:34,54,23.21302013397217,22.62943916320801,0.1543775558471694,True,False,False
193,2019-07-15,7:46,55,25.260874366760255,23.39732208251953,2.631435203552247,True,False,False
194,2019-07-15,7:53,55,23.64910945892334,22.675640106201172,0.25178737640381144,True,False,False
195,2019-07-15,8:05,56,25.707981491088866,24.397585487365724,3.032341384887694,True,False,False
196,2019-07-15,8:12,56,24.501505851745605,23.67152099609375,0.10392036437988139,True,False,False
197,2019-07-15,8:20,56,23.62870101928711,22.932060050964356,-0.042819976806640625,True,False,False
198,2019-07-15,8:26,56,23.058267021179198,22.459535789489745,0.12620697021484162,True,False,False
199,2019-07-15,8:35,57,25.683440971374505,24.108361434936523,3.22390518188476,True,False,False
200,2019-07-15,8:46,57,24.108612251281738,22.758776092529295,0.00025081634521484375,True,False,False
201,2019-07-15,8:54,58,25.75593509674072,24.185738182067873,2.997159004211426,True,False,False
202,2019-07-15,9:02,58,24.318080139160156,23.229171371459962,0.13234195709228302,True,False,False
203,2019-07-15,9:11,58,23.28376121520996,22.676516342163087,0.05458984374999787,True,False,False
204,2019-07-15,9:18,59,24.682677459716796,23.588760757446288,2.0061611175537095,True,False,False
205,2019-07-15,9:25,59,23.87785949707031,22.83001766204834,0.28909873962402344,True,False,False
206,2019-07-15,9:33,60,25.766201972961426,24.57550163269043,2.9361843109130845,True,False,False
207,2019-07-15,9:41,60,24.66389656066894,23.71446647644043,0.08839492797851278,True,False,False
208,2019-07-15,9:49,60,23.79622535705567,22.801345825195312,0.08175888061524006,True,False,False
209,2019-07-15,9:57,61,25.451060676574706,24.132401084899904,2.649714851379393,True,False,False
210,2019-07-15,10:05,61,24.312571144104005,22.87446575164795,0.18017005920410156,True,False,False
211,2019-07-18,9:20,62,25.615955924987794,25.615955924987794,,True,False,False
212,2019-07-18,9:25,63,25.507027435302735,25.507027435302735,-0.1089284896850593,True,False,False
213,2019-07-18,9:30,63,25.41612854003906,25.41612854003906,-0.090898895263674,False,False,False
214,2019-07-18,9:36,64,25.19839744567871,25.19839744567871,-0.21773109436034943,True,False,False
215,2019-07-18,9:42,64,25.19752025604248,25.12540225982666,-0.0008771896362311793,True,False,False
216,2019-07-18,9:49,65,25.01184139251709,25.01184139251709,-0.1135608673095696,True,False,False
217,2019-07-18,9:52,65,24.96889591217041,24.669029808044435,-0.04294548034668111,True,False,False
218,2019-07-18,10:01,65,24.782841300964357,24.680799102783205,0.11381149291992188,True,False,False
219,2019-07-18,10:04,66,24.337612342834472,24.337612342834472,-0.3431867599487326,True,False,False
221,2019-07-18,14:22,67,,,,True,True,True
222,2019-07-18,14:27,68,25.006187502408284,23.891214582655167,,True,True,False
223,2019-07-18,14:32,68,24.09878852620774,23.25208396911621,0.20757394355257475,True,True,False
224,2019-07-18,14:36,68,23.601399043232032,22.80798168182373,0.34931507411582174,False,True,False
225,2019-07-24,16:00,69,25.487996101379395,24.298923683166503,,True,False,False
226,2019-07-24,16:07,69,24.413110542297364,23.248328018188477,0.1141868591308608,True,False,False
227,2019-07-24,16:14,69,23.32795867919922,22.474810981750487,0.0796306610107429,True,False,False
228,2019-07-24,16:22,70,25.542460441589355,23.89826717376709,3.0676494598388686,True,False,False
229,2019-07-24,16:28,70,24.00030975341797,23.084935188293457,0.10204257965088104,True,False,False
230,2019-07-24,16:34,70,23.114483642578126,22.342344093322755,0.02954845428466868,True,False,False
231,2019-07-24,16:41,71,25.390211296081542,23.879737091064452,3.0478672027587876,True,False,False
232,2019-07-24,16:48,71,24.021970367431642,22.951967620849608,0.14223327636718963,True,False,False
233,2019-07-24,16:54,71,23.043242073059083,22.280868339538575,0.0912744522094755,True,False,False
234,2019-07-24,17:02,72,25.282284355163576,23.784456062316895,3.0014160156250007,True,False,False
235,2019-07-24,17:09,72,23.977522087097167,23.015446472167966,0.19306602478027202,True,False,False
236,2019-07-24,17:16,72,23.097456169128417,22.404195404052736,0.08200969696045135,True,False,False
237,2019-07-24,17:25,73,25.392965698242186,23.874353790283198,2.9887702941894503,True,False,False
238,2019-07-24,17:32,73,23.939334678649903,22.647218322753908,0.0649808883667049,True,False,False
239,2019-07-24,17:41,74,25.593669128417968,23.953983879089357,2.9464508056640604,True,False,False
240,2019-07-24,17:47,74,24.041752433776857,22.87421531677246,0.0877685546875,True,False,False
241,2019-08-05,16:09,75,25.470216941833495,24.43702507019043,,True,False,False
242,2019-08-05,16:18,75,24.52491874694824,23.291523933410645,0.08789367675781179,True,False,False
243,2019-08-05,16:31,76,23.13326473236084,22.443885612487794,-0.1582592010498054,True,False,False
246,2019-08-05,17:12,77,24.278014373779296,23.15505027770996,1.8341287612915025,True,False,False
247,2019-08-05,17:20,77,23.134266471862794,22.51587829589844,-0.020783805847166548,True,False,False
248,2019-08-05,17:28,78,25.490625381469727,23.666512870788576,2.9747470855712876,True,False,False
249,2019-08-05,17:36,78,23.722980308532716,22.84829750061035,0.056467437744139204,True,False,False
250,2019-08-05,17:44,79,25.847710418701173,24.45216002814274,2.9994129180908224,True,False,True
251,2019-08-05,17:52,79,24.688937187194824,23.65712242126465,0.2367771590520853,True,False,False
252,2019-08-05,18:00,79,23.747019958496093,22.85743808746338,0.08989753723144389,True,False,False
253,2019-08-05,18:08,79,22.933938217163085,22.379029273986816,0.07650012969970632,True,False,False
254,2019-08-05,18:16,80,25.508905792236327,24.429512786865235,3.1298765182495103,True,False,False
255,2019-08-05,18:24,80,24.473209381103516,23.395193672180177,0.04369659423828054,True,False,False
256,2019-08-05,18:32,80,23.509380722045897,22.674763488769532,0.11418704986571981,True,False,False
257,2019-08-05,18:36,80,22.820251655578613,22.12774238586426,0.1454881668090806,True,False,False
258,2019-08-05,18:44,81,25.510408020019533,24.090332221984863,3.3826656341552734,True,False,False
260,2019-08-05,18:55,82,25.494256591796876,24.046635818481445,1.4039243698120139,True,False,False
261,2019-08-05,19:00,82,24.168460273742674,23.133514976501466,0.12182445526122976,True,False,False
262,2019-08-05,19:09,82,23.181468200683593,22.500603103637694,0.047953224182126775,True,False,False
263,2019-08-05,19:20,83,25.123900032043455,23.393565559387206,2.623296928405761,True,False,False
264,2019-08-05,19:26,83,23.538427734375,22.46204032897949,0.14486217498779297,True,False,False
267,2019-09-19,9:30,84,24.090582275390624,23.18722801208496,,True,False,False
268,2019-09-19,9:54,85,24.87411594390869,23.15167007446289,1.6868879318237298,True,False,False
269,2019-09-19,10:03,86,25.405986976623534,24.1137451171875,2.254316902160646,True,False,False
270,2019-09-19,10:10,86,24.116625022888183,22.79007740020752,0.0028799057006843043,True,False,False
271,2019-09-19,10:22,87,25.50264549255371,24.437149810791016,2.712568092346192,True,False,False
272,2019-09-19,10:29,87,24.5305534362793,22.937819480895996,0.09340362548828196,True,False,False
275,2019-10-24,9:05,88,24.546454238891602,23.53016414642334,,True,False,False
276,2019-10-24,9:32,89,23.35500259399414,22.761530685424805,-0.1751615524291985,True,False,False
277,2019-10-24,9:45,90,25.36166458129883,24.47984504699707,2.6001338958740234,True,False,False
278,2019-10-24,10:00,90,24.527297592163087,23.433130455017093,0.047452545166017046,True,False,False
279,2019-10-24,10:10,90,23.523653984069824,22.85380687713623,0.09052352905273153,True,False,False
